site,wildtype,AAA,AAC,AAG,AAT,ACA,ACC,ACG,ACT,AGA,AGC,AGG,AGT,ATA,ATC,ATG,ATT,CAA,CAC,CAG,CAT,CCA,CCC,CCG,CCT,CGA,CGC,CGG,CGT,CTA,CTC,CTG,CTT,GAA,GAC,GAG,GAT,GCA,GCC,GCG,GCT,GGA,GGC,GGG,GGT,GTA,GTC,GTG,GTT,TAA,TAC,TAG,TAT,TCA,TCC,TCG,TCT,TGA,TGC,TGG,TGT,TTA,TTC,TTG,TTT
1,GAG,23,26,55,28,36,31,31,15,16,22,8,19,28,26,26,13,31,31,41,18,19,19,36,14,27,21,28,14,32,33,17,33,128,54,503379,136,36,36,80,46,29,37,116,38,27,38,74,46,47,45,125,36,43,39,47,43,22,48,45,37,50,50,39,38
2,GAC,29,71,23,40,49,56,14,36,10,27,11,33,18,37,5,25,37,50,23,29,25,57,19,34,21,37,22,19,36,29,22,38,78,503560,45,52,30,56,46,26,27,61,26,16,44,50,39,34,27,136,27,28,35,28,15,28,32,46,24,23,35,48,23,22
3,TGG,40,13,37,48,21,22,34,19,27,7,37,35,25,26,36,36,25,17,29,21,24,20,27,20,20,1,89,29,19,8,33,30,22,17,36,10,22,23,10,25,31,20,77,52,25,27,58,37,43,34,91,46,27,12,25,27,76,10,503408,159,53,33,152,39
4,GGA,33,23,19,21,28,20,22,20,112,19,7,21,24,25,24,23,33,26,26,23,22,23,19,13,43,27,38,15,28,19,20,31,114,17,45,37,48,23,36,20,503701,52,98,26,86,29,61,29,48,22,31,34,16,22,26,14,111,19,30,31,31,25,35,29
5,CCC,41,57,32,28,28,49,27,35,14,34,30,27,37,30,25,23,30,103,25,32,182,503422,58,41,24,42,23,30,40,58,34,42,30,39,22,25,19,34,27,20,32,27,30,24,24,23,32,29,34,31,34,31,10,99,25,34,30,26,31,23,39,37,27,33
6,TGT,30,33,29,27,42,49,27,29,38,18,26,35,33,31,9,25,34,42,15,10,12,27,14,20,26,29,24,289,25,30,19,21,37,19,21,38,23,31,15,20,24,23,33,88,39,45,24,41,49,48,34,62,28,51,28,49,54,29,62,503162,46,45,40,84
7,GAC,41,69,22,33,37,44,31,11,32,37,20,36,42,38,29,28,37,48,23,28,32,38,20,21,29,24,25,25,43,35,17,27,73,503373,46,104,60,61,35,36,38,118,27,40,29,70,39,49,45,134,26,25,26,30,27,9,28,43,21,23,29,40,32,51
8,GAA,159,38,43,42,21,29,32,26,41,38,28,37,41,28,39,26,31,43,26,35,19,41,33,18,31,32,30,42,30,23,32,27,502654,50,52,54,44,55,47,18,65,52,72,53,35,25,60,15,129,45,39,51,19,6,32,35,50,48,55,54,47,38,49,60
9,CAT,48,39,32,72,24,32,25,35,32,22,21,38,28,24,37,36,47,47,8,503632,34,30,38,35,25,17,26,34,33,27,35,43,51,17,34,32,25,37,19,22,24,12,40,43,25,15,12,31,41,30,34,62,26,12,27,27,38,27,32,32,27,12,34,63
10,GGA,14,20,18,13,13,17,9,3,35,17,14,10,21,19,12,14,20,14,9,7,10,19,14,2,16,10,23,10,16,24,12,13,19,10,14,13,13,17,15,4,504403,28,129,45,62,17,11,21,15,15,20,12,19,12,18,10,126,9,27,22,21,33,20,17
11,GAA,95,9,7,9,11,1,6,2,5,1,10,6,9,1,6,1,19,8,10,7,5,4,7,2,4,4,8,1,7,1,8,4,504844,5,18,4,10,2,5,7,21,7,30,7,6,2,9,2,97,3,15,2,11,4,9,2,12,11,11,1,13,2,10,7
12,CAT,31,19,31,62,19,14,22,21,27,28,20,17,28,18,17,22,37,58,30,503706,20,30,30,17,22,20,20,26,33,19,16,26,27,25,27,42,17,21,19,32,19,17,30,35,24,13,19,18,36,22,27,90,22,13,18,19,27,15,33,31,37,15,31,28
13,CAC,23,117,22,29,32,26,23,20,21,16,16,16,20,32,12,21,55,504331,28,29,23,40,23,21,20,31,16,11,23,30,17,23,16,17,9,17,20,28,25,19,13,17,13,16,18,13,15,17,27,38,5,16,24,28,13,18,15,17,16,26,17,18,20,15
14,ATC,45,47,31,42,28,40,37,27,22,21,18,21,117,503649,23,57,34,26,21,27,31,43,19,28,34,25,19,17,20,26,16,17,17,19,25,28,30,16,16,12,16,26,13,19,23,27,23,30,50,42,20,32,31,7,25,22,26,21,22,34,23,29,21,30
15,AGG,31,35,51,30,46,34,44,40,60,29,502958,127,43,26,177,43,26,26,31,36,33,23,33,26,33,42,54,33,32,26,53,39,49,30,36,16,47,21,43,37,37,44,246,35,36,26,34,41,40,43,36,36,31,7,40,22,21,33,77,40,53,38,51,59
16,ATT,17,16,27,9,17,16,14,12,10,11,2,3,33,15,38,504137,15,8,14,12,17,19,20,12,6,9,9,1,22,14,13,18,4,5,4,2,8,9,5,3,3,1,1,0,10,2,3,3,20,7,19,9,13,10,5,9,4,4,2,4,23,15,20,24
17,CCT,25,29,12,31,24,30,23,91,11,18,22,28,11,10,21,20,23,25,19,87,19,118,21,504128,17,22,14,35,14,19,23,17,19,18,14,29,19,18,23,32,19,15,15,22,10,16,7,30,31,18,15,26,23,30,21,42,19,23,20,27,23,24,13,26
18,AGG,28,23,17,25,23,33,11,33,34,21,503993,74,28,20,76,25,23,10,4,30,17,26,9,29,20,13,22,15,31,24,17,17,19,15,9,5,9,18,13,13,31,18,167,26,18,18,25,9,23,24,19,20,18,23,7,20,13,18,30,27,18,20,26,21
19,ACC,2,20,0,1,97,504595,14,45,15,9,17,0,17,86,15,1,8,10,8,1,16,23,20,4,11,23,15,2,24,11,21,3,20,25,19,2,32,48,26,7,21,16,24,4,22,34,32,15,21,11,6,1,18,24,22,10,24,23,37,6,31,25,25,7
20,CCT,14,10,15,23,12,13,24,98,18,11,13,18,15,8,20,22,18,31,14,102,37,89,34,504113,20,30,19,31,23,25,27,39,14,13,22,8,13,16,21,17,15,12,16,25,15,17,28,20,22,14,14,21,23,14,16,32,14,14,15,20,27,9,22,21
21,GCT,31,17,17,37,27,22,30,169,14,31,11,28,23,23,22,28,22,16,13,22,28,17,21,36,28,30,19,21,23,22,16,33,35,39,35,72,39,76,57,503612,34,18,29,45,25,24,23,79,18,24,21,26,21,24,16,91,21,22,22,26,27,32,28,20
22,CGT,31,17,25,41,27,25,33,22,29,37,36,242,30,24,15,32,46,37,30,70,36,45,35,49,51,60,53,502824,37,31,28,105,34,23,10,20,37,18,20,29,25,16,14,44,19,12,16,35,30,33,11,29,27,31,28,30,29,26,22,65,36,26,29,34
23,GTT,30,25,21,40,27,21,8,26,26,21,29,34,41,18,28,92,25,27,5,23,18,16,9,18,14,20,9,19,20,23,12,47,54,28,33,55,26,20,21,75,32,37,48,58,68,113,63,503583,50,31,19,28,26,16,17,23,26,7,25,41,42,22,31,90
24,ACA,92,23,30,40,500922,69,178,63,31,25,35,36,102,36,34,18,34,32,31,37,42,52,34,26,27,39,23,29,30,33,28,31,54,35,36,30,104,38,20,39,30,32,23,21,27,38,34,24,41,37,32,30,44,27,28,29,25,26,34,30,31,23,27,34
25,GGC,27,39,22,23,23,31,21,19,14,40,7,12,15,28,27,26,33,13,18,11,21,17,26,18,12,42,23,26,30,21,30,23,27,73,35,26,13,44,29,27,75,503546,62,135,26,98,26,18,33,36,18,36,30,48,19,28,19,140,34,41,41,36,33,39
26,GGG,27,14,34,22,12,22,32,23,20,21,61,18,21,15,26,35,13,21,25,23,31,28,28,23,26,25,33,18,21,13,33,14,23,25,39,27,19,36,44,22,48,43,503930,146,20,25,116,20,20,12,29,19,23,17,17,8,22,14,130,36,16,15,33,19
27,GTT,25,19,12,24,20,32,22,27,16,22,22,27,42,21,17,48,25,15,30,19,27,23,14,15,14,12,25,32,26,18,23,37,17,25,24,31,26,11,38,58,48,30,55,86,44,52,57,503776,24,27,30,40,17,28,19,31,25,15,29,50,36,21,28,94
28,TTT,43,28,27,34,23,21,5,20,26,13,28,26,19,21,31,8,37,24,13,27,16,6,2,29,20,5,14,20,20,15,19,19,28,24,29,36,19,19,15,44,28,26,26,38,24,17,25,38,41,40,35,46,36,24,5,28,22,18,42,47,61,36,52,504057
29,CTT,76,51,69,60,56,63,49,53,48,32,48,43,58,39,73,117,54,43,64,72,68,48,59,72,58,47,43,57,56,52,49,501380,48,27,29,54,51,24,39,44,47,19,50,33,45,18,46,45,48,38,40,45,59,29,31,46,39,33,41,35,53,38,46,76
30,GTT,49,48,44,57,36,39,44,47,45,46,28,50,38,36,48,78,39,54,36,52,32,57,34,39,39,32,28,42,31,43,31,55,37,39,22,47,29,42,25,44,24,22,25,31,28,43,29,502967,45,50,40,43,45,46,42,29,43,46,35,54,48,43,44,113
31,GAC,43,60,22,57,41,12,32,46,20,27,10,43,34,30,37,47,43,15,19,35,26,22,21,26,31,39,41,48,42,20,36,40,75,501923,38,86,72,35,51,49,59,82,43,82,56,63,9,59,40,137,46,46,37,20,42,53,54,56,44,59,55,35,52,68
32,AAG,63,38,501603,109,36,42,62,32,32,32,83,25,45,25,49,40,44,40,43,38,35,51,43,48,28,26,44,39,34,36,45,36,17,29,62,24,32,36,45,33,36,41,38,14,34,28,33,42,22,26,25,40,38,42,29,27,24,33,38,40,42,37,48,45
33,AAT,16,18,7,503652,31,32,22,33,16,18,25,36,20,29,32,34,36,35,24,46,18,54,20,34,19,17,10,23,33,18,24,41,20,26,39,27,27,27,19,18,10,25,40,35,22,21,22,26,17,17,21,37,15,21,23,33,16,14,20,18,25,15,18,33
34,CCT,17,9,10,12,25,3,11,69,11,9,15,25,24,3,15,10,10,21,15,89,36,75,16,503286,19,15,21,24,16,2,23,72,19,1,21,17,13,2,17,24,14,8,18,24,17,2,20,26,15,12,18,17,10,5,5,39,14,18,29,24,10,3,26,32
35,CAC,38,75,19,18,19,28,19,24,15,24,38,25,24,24,28,44,77,503789,22,69,18,34,20,17,27,43,27,25,25,27,25,21,12,20,26,24,11,8,6,18,25,20,24,30,18,10,23,26,31,55,21,30,30,15,21,15,23,18,28,46,17,22,26,36
36,AAT,43,34,16,501050,16,21,20,26,27,11,26,27,41,16,22,57,27,17,11,39,22,15,17,16,24,21,19,17,25,8,13,19,23,19,24,69,25,12,11,12,18,13,38,44,30,13,24,41,30,14,4,36,20,13,15,13,27,10,22,33,45,27,21,38
37,ACC,26,66,20,27,143,502859,43,39,19,29,31,22,35,78,18,17,22,45,23,27,19,54,20,26,23,22,19,9,20,32,20,7,31,21,13,17,34,72,25,24,25,33,17,22,18,27,13,15,18,28,26,23,21,30,25,18,23,24,25,19,23,19,18,28
38,GCA,25,10,15,34,456,9,7,10,23,15,23,14,34,13,13,27,14,0,5,3,51,11,19,13,11,4,19,7,13,4,14,11,69,16,16,40,502753,49,142,33,31,20,28,22,51,21,28,43,23,8,26,30,51,44,21,36,12,23,18,4,17,20,23,30
39,GAG,34,22,36,35,34,42,29,51,19,18,33,7,32,25,36,31,39,27,41,26,13,26,33,26,28,27,20,28,35,18,37,50,70,23,500995,65,42,29,29,21,41,32,43,35,53,22,50,30,31,30,83,41,21,33,41,19,41,26,30,30,50,22,37,47
40,TCT,47,25,25,35,39,41,22,49,23,19,16,29,37,28,37,28,30,28,17,26,31,48,18,55,14,24,12,17,28,35,22,24,39,42,37,38,11,35,20,27,18,24,45,31,30,33,25,40,31,26,31,117,39,127,42,503411,19,18,24,28,31,17,26,50
41,AGA,51,33,39,21,26,11,24,21,498909,26,67,48,120,43,43,40,25,10,23,26,15,31,13,25,33,37,33,22,20,28,28,40,40,29,33,36,37,22,39,33,93,27,65,66,42,12,49,29,39,36,37,33,33,15,18,22,50,38,40,37,29,40,29,49
42,CTC,49,37,41,41,41,33,25,17,18,16,23,14,47,51,34,49,49,48,37,27,43,54,26,33,40,44,30,44,140,502719,48,57,2,13,16,26,32,34,36,22,35,32,40,25,29,71,47,55,44,40,34,48,32,41,35,35,32,33,48,40,56,65,42,49
43,GTG,26,24,29,34,23,22,28,13,19,7,43,25,26,17,99,12,12,19,20,32,11,22,28,13,24,13,37,17,26,29,28,16,29,20,41,35,24,17,39,24,17,13,74,52,56,25,503443,174,22,7,32,23,11,17,28,13,11,1,19,16,40,26,73,37
44,GTG,7,5,21,8,10,13,31,6,9,11,27,26,7,2,53,3,6,19,20,10,16,22,16,16,6,13,28,17,5,6,26,15,25,27,22,19,13,21,55,18,27,13,64,41,62,18,504104,141,6,13,20,2,11,9,14,1,18,12,42,27,4,4,49,5
45,GAC,15,43,21,25,19,20,17,16,6,17,19,9,13,19,20,11,14,32,19,19,14,25,32,19,10,25,17,23,11,17,21,22,21,469874,19,57,12,32,39,17,13,42,26,33,6,27,29,27,15,73,16,22,14,22,22,13,14,31,20,15,10,14,16,13
46,TTC,26,22,13,21,25,32,32,36,15,25,16,22,26,18,24,21,31,30,7,25,35,75,25,27,32,50,28,35,28,61,45,22,11,14,5,28,31,50,16,29,30,29,13,38,29,50,12,15,45,51,20,21,45,56,27,27,15,23,48,38,48,487249,50,129
47,TCT,35,30,45,47,52,53,43,57,31,35,44,39,26,25,35,38,38,13,51,56,51,39,58,105,40,31,36,34,44,40,39,41,31,27,43,46,40,55,49,64,48,30,46,50,35,22,32,43,41,36,53,85,60,108,47,502933,33,40,49,29,37,24,45,70
48,CAA,147,47,64,62,51,47,46,34,51,41,51,37,56,53,43,57,501986,80,67,59,63,51,50,45,74,51,61,54,72,61,71,66,70,55,50,49,69,49,56,48,76,50,73,51,66,38,66,48,97,37,59,91,48,48,53,48,58,39,58,64,73,48,75,51
49,TTT,43,44,37,43,61,45,39,51,25,43,66,48,46,41,65,80,56,43,52,47,36,36,40,29,51,51,45,36,38,44,36,45,44,28,43,37,53,45,56,49,40,47,71,64,51,42,60,64,53,37,49,57,47,25,38,42,55,47,57,85,59,59,77,502174
50,TCT,57,56,34,43,41,58,31,55,41,35,37,51,47,47,33,42,51,40,28,42,55,62,46,47,35,45,28,47,43,31,40,50,38,48,18,43,53,48,44,59,33,30,22,53,43,45,52,48,51,42,53,98,58,82,40,502939,47,43,51,66,52,54,34,69
51,AGG,36,20,41,40,32,30,31,29,44,33,502924,115,35,16,156,11,28,12,32,25,29,26,24,24,13,27,35,27,19,22,24,19,24,12,44,20,25,16,30,33,29,33,147,31,30,19,41,29,37,25,52,23,25,16,23,28,12,14,76,28,18,18,45,47
52,GGG,37,32,27,33,38,33,25,32,28,33,56,28,34,24,33,44,43,26,45,35,30,36,27,19,32,28,51,28,34,28,36,32,23,30,84,31,34,41,39,25,64,35,503412,122,36,37,142,44,34,31,40,39,34,27,28,21,35,29,120,44,48,22,42,60
53,ATC,33,35,22,27,24,63,28,30,29,37,38,31,105,503472,47,125,30,44,32,33,39,65,27,39,23,55,33,25,47,29,30,34,29,29,21,16,19,29,22,29,21,39,42,25,30,105,39,25,34,41,25,30,23,22,21,30,33,42,19,28,21,25,29,26
54,TCC,51,40,27,42,36,101,38,39,38,48,24,38,49,39,34,41,51,54,29,45,59,127,22,50,28,65,33,23,47,43,25,55,58,50,33,43,45,68,31,31,21,42,34,42,47,52,23,39,54,107,48,52,94,502836,48,77,41,49,40,52,48,69,53,39
55,CGT,78,80,58,91,87,53,66,72,74,71,107,265,86,62,66,103,104,84,81,180,73,66,76,67,124,134,84,500470,70,67,67,111,73,60,50,63,61,67,51,60,67,58,100,108,90,64,82,82,97,55,78,108,76,60,67,75,67,81,76,124,99,68,72,74
56,GTG,43,29,67,38,39,40,53,23,36,36,55,46,42,45,86,23,42,40,47,34,25,36,48,50,30,45,49,48,40,24,56,24,43,52,75,42,42,40,95,57,70,40,127,85,109,44,502786,86,35,38,55,31,35,30,40,27,47,47,63,55,46,36,87,52
57,TCT,45,35,39,37,28,34,24,40,29,25,35,35,42,36,40,35,38,36,36,33,40,45,38,70,29,28,35,39,25,22,25,29,29,36,39,61,19,38,31,52,17,31,35,51,41,38,37,32,40,43,43,138,56,96,52,503132,39,33,42,55,40,33,54,65
58,TGG,53,50,57,46,30,26,50,33,26,34,90,60,60,41,50,56,48,34,62,35,42,32,45,32,40,36,73,46,38,43,32,37,25,32,42,40,16,26,4,23,47,74,119,67,38,41,78,67,45,44,64,51,37,29,57,36,176,50,502468,113,58,45,157,57
59,CCA,59,50,47,51,115,41,38,24,44,29,23,51,66,52,41,50,129,52,36,59,502200,146,63,75,48,34,43,58,71,39,44,68,44,30,52,49,78,48,38,65,40,17,45,52,61,53,49,78,57,48,36,58,140,34,32,50,58,38,58,82,69,41,71,89
60,AAA,502354,57,57,84,63,42,46,30,53,20,30,65,82,48,54,70,54,44,35,56,43,29,20,33,39,10,26,32,40,33,19,35,59,23,42,50,20,10,10,14,41,16,30,39,53,16,27,51,73,39,55,80,55,37,31,39,40,10,37,49,71,44,37,77
61,TTC,53,46,49,38,49,79,43,46,39,59,41,60,46,58,45,43,48,71,37,53,51,71,29,44,56,48,27,49,45,69,37,37,57,31,50,42,44,33,36,42,42,60,46,55,61,72,47,57,71,74,62,50,50,75,14,36,88,82,49,46,188,502254,67,100
62,GCA,69,76,44,64,310,80,53,74,56,65,41,73,55,74,57,67,72,84,56,47,98,116,58,69,49,63,43,55,60,65,36,47,110,67,35,60,500877,98,181,98,56,67,78,83,299,62,71,61,64,73,47,52,106,57,36,46,51,59,66,62,58,55,47,37
63,GTC,52,48,44,31,40,53,45,35,36,57,89,58,42,68,39,62,38,49,48,45,31,63,44,49,38,56,57,76,43,59,48,48,43,58,66,48,64,109,53,61,78,97,137,91,161,502135,106,101,34,48,44,40,45,44,46,37,66,46,63,72,42,81,49,44
64,CCC,39,38,27,39,41,143,27,26,32,47,41,27,28,44,31,29,43,161,49,35,95,502922,63,97,45,52,32,42,41,90,50,46,24,36,23,29,36,53,37,30,37,37,49,50,35,37,39,71,41,29,34,34,33,93,29,21,30,44,48,42,46,33,51,59
65,AAC,83,503070,47,118,42,60,34,40,30,37,35,41,46,39,41,36,28,51,35,34,37,36,25,44,31,38,31,27,25,28,56,36,33,62,40,45,21,53,45,41,36,51,59,51,40,45,46,57,48,66,38,63,30,28,17,32,30,35,50,41,39,42,50,48
66,CTC,22,35,37,35,12,20,37,24,31,28,47,26,37,138,51,41,19,74,16,23,14,144,22,31,21,51,70,63,86,502736,48,74,21,31,35,27,28,33,31,47,38,48,58,95,43,59,91,72,14,20,42,45,22,17,48,33,32,25,80,74,51,177,75,78
67,CAA,139,43,63,73,48,26,50,46,67,37,57,45,71,58,71,75,500366,55,59,57,37,33,37,66,64,35,39,59,73,41,63,73,87,45,63,56,50,26,44,47,71,46,95,73,60,45,76,69,141,49,65,79,57,28,38,53,71,52,80,84,80,55,94,86
68,TCA,48,38,44,65,48,35,39,54,47,52,35,59,57,39,50,51,47,43,52,52,56,37,31,39,30,31,45,40,53,35,49,54,57,34,52,52,51,31,44,31,65,34,70,50,59,31,76,64,151,47,52,72,502440,43,60,59,59,36,60,54,146,40,75,64
69,CTC,52,59,33,45,47,35,49,40,43,48,47,45,48,78,34,45,54,57,50,48,46,104,43,35,52,71,42,49,161,502476,56,94,44,46,37,43,32,47,18,45,38,52,55,53,55,56,43,51,51,45,42,48,32,41,40,52,41,66,53,61,57,65,54,64
70,ACC,47,92,33,45,121,502742,51,91,37,66,26,35,57,88,34,58,47,39,26,29,59,87,51,44,27,41,20,30,43,32,44,34,25,53,16,21,37,68,39,30,29,42,41,44,48,45,28,52,55,41,33,54,41,54,32,36,49,39,45,64,72,42,52,72
71,AAC,98,503059,54,115,54,46,44,35,40,58,59,29,41,45,44,33,40,60,43,30,27,38,38,31,27,40,36,28,56,29,27,25,43,53,53,23,31,50,32,33,23,39,31,27,49,39,53,39,54,39,40,43,35,53,25,37,41,49,38,34,46,25,40,40
72,CTC,23,35,38,31,37,51,22,18,34,40,43,34,32,122,29,32,32,63,31,38,39,97,38,27,47,40,46,37,59,503101,43,57,20,34,23,30,32,40,32,33,49,54,53,30,42,43,46,42,40,47,45,26,32,34,34,34,49,37,38,37,40,128,38,42
73,CTG,60,40,54,49,30,34,42,36,39,36,61,53,41,46,143,44,47,49,71,57,40,46,136,41,54,29,76,46,58,46,502138,97,46,29,68,45,45,33,56,39,47,36,109,64,39,36,77,58,67,50,56,53,25,48,55,36,55,52,59,65,38,35,106,55
74,TCC,65,41,32,38,55,73,53,45,36,43,42,55,35,52,44,55,30,58,26,42,39,75,53,43,21,38,42,38,38,29,47,34,49,47,59,38,38,55,59,42,45,69,60,48,44,54,48,49,48,197,44,63,167,498792,53,195,52,49,56,85,52,74,59,56
75,TCC,51,43,53,60,49,67,21,34,43,43,5,39,63,53,24,72,43,38,25,34,25,170,22,32,45,28,29,48,42,42,43,27,59,44,57,66,44,44,31,50,57,45,39,70,58,52,56,90,68,101,59,73,150,499897,43,79,58,48,24,72,76,89,70,82
76,AAT,80,49,63,497927,34,46,31,51,52,39,32,73,72,41,56,67,43,31,35,61,40,31,26,28,41,21,28,33,61,36,45,37,69,42,44,54,36,16,30,41,34,38,46,52,46,38,65,68,56,53,41,88,32,25,44,34,43,37,69,74,63,57,58,71
77,TTG,33,42,69,25,29,34,40,36,37,33,66,44,51,38,62,39,39,41,41,22,25,34,32,34,33,18,60,38,35,31,51,23,45,37,50,26,42,25,44,21,35,32,72,34,34,37,72,37,43,28,57,24,46,42,62,39,49,35,88,38,44,45,491098,64
78,TCC,62,46,48,27,52,80,41,39,36,26,17,30,38,58,36,32,38,46,39,17,62,109,52,45,21,41,29,22,51,41,36,29,50,56,41,36,51,54,39,52,37,47,41,30,39,44,36,36,58,124,53,51,194,501738,50,73,44,36,32,46,59,86,44,45
79,TGG,44,34,53,48,21,46,52,44,33,16,41,35,44,30,50,36,25,48,41,33,30,44,44,30,36,43,89,38,37,31,36,26,43,42,53,48,48,38,26,29,51,38,83,56,42,22,46,24,60,30,94,36,44,38,37,31,61,57,500275,48,36,39,147,54
80,TTA,22,12,22,19,10,15,12,13,19,14,22,21,28,13,22,35,13,9,8,5,6,12,4,18,8,12,14,15,29,7,15,17,30,12,22,22,16,12,17,14,30,11,24,28,28,14,31,23,29,19,25,29,36,12,10,16,29,12,22,30,502162,23,37,45
81,TCG,43,21,42,42,35,43,76,57,29,33,36,34,39,31,39,42,38,17,50,45,60,57,66,46,41,52,57,42,41,25,42,35,34,23,41,43,41,50,69,42,15,37,27,31,28,38,49,31,41,28,103,35,338,52,501454,75,46,40,46,38,35,33,98,33
82,CTG,52,22,36,31,32,39,31,34,23,34,43,35,31,38,90,39,32,54,15,26,56,93,118,56,35,47,56,49,77,45,501021,164,32,24,46,28,26,32,51,51,29,31,66,47,27,28,55,46,26,21,40,43,30,29,39,27,31,23,54,45,33,29,74,24
83,GAT,57,56,46,68,11,28,12,30,40,21,25,42,45,25,40,62,52,33,9,49,48,50,24,25,34,19,28,43,28,17,22,28,67,62,62,501580,35,40,33,56,37,30,50,97,55,48,63,62,56,43,36,135,40,41,39,53,45,23,48,43,42,40,43,44
84,GTG,24,13,49,46,41,27,35,25,31,14,49,26,36,22,93,31,23,23,23,28,24,31,31,30,15,12,36,28,36,36,38,19,36,32,66,49,41,23,44,23,49,28,87,39,111,35,502912,78,21,37,40,26,31,23,39,21,28,17,74,34,28,28,80,40
85,TCT,45,49,36,35,12,44,55,63,28,30,28,39,29,36,42,45,36,41,22,36,1,55,31,70,32,40,39,35,26,32,44,47,34,47,34,67,24,50,58,46,33,56,78,65,34,49,44,46,51,52,59,166,36,136,71,501476,31,56,61,64,47,35,57,60
86,GCG,29,29,48,33,19,41,81,28,39,29,46,34,38,27,40,45,21,46,64,35,2,7,23,12,61,49,65,38,25,37,47,29,43,38,82,33,65,46,502151,119,46,43,65,31,36,42,209,41,48,39,51,33,18,34,59,40,23,23,40,30,41,38,37,27
87,GCG,41,45,46,39,44,40,44,21,32,30,48,45,31,30,38,31,30,28,56,48,37,59,56,53,43,48,56,51,39,15,39,37,33,28,140,44,128,59,501612,93,63,40,85,56,51,41,188,49,44,35,50,39,43,38,59,29,35,43,51,37,33,35,57,46
88,TTT,26,26,49,28,5,14,24,37,24,37,38,46,39,36,42,68,34,36,28,36,7,36,31,31,39,49,41,26,31,38,31,53,34,37,48,44,29,40,45,38,55,52,93,74,65,27,55,62,49,35,41,45,29,23,37,40,40,39,60,77,42,55,75,500760
89,TAT,56,40,33,69,45,45,34,41,30,21,44,44,51,27,36,37,46,26,37,139,27,32,12,34,58,21,35,23,36,25,21,37,29,46,42,60,31,16,27,40,49,30,56,53,46,32,50,63,31,80,65,501932,47,40,37,47,47,30,67,70,40,35,57,55
90,CAT,63,71,31,128,82,56,25,47,33,28,33,32,47,54,45,48,77,125,36,500672,73,62,38,64,38,28,36,54,38,36,35,42,39,32,39,58,39,32,29,39,24,37,44,52,34,31,26,37,44,34,31,63,35,40,33,38,26,36,55,41,33,24,30,38
91,ATT,55,35,51,62,44,33,9,60,43,37,76,74,67,59,82,494057,38,25,22,40,19,33,16,28,27,12,42,40,47,30,55,39,43,33,44,54,30,24,34,52,55,47,104,86,62,60,65,103,56,44,50,66,35,23,39,49,53,29,88,72,55,53,106,96
92,CCT,53,49,58,66,52,55,40,142,45,45,64,60,52,41,46,68,57,50,39,139,47,83,50,501037,36,23,60,59,61,41,59,127,60,38,57,71,51,30,53,61,62,58,77,103,67,49,79,99,47,40,75,68,52,55,46,105,50,39,81,84,72,60,81,78
93,CTT,49,36,24,41,23,41,25,55,30,27,43,38,35,38,28,78,31,37,24,44,30,48,31,62,34,45,32,40,38,108,44,494069,28,20,21,44,22,39,22,34,23,25,28,35,28,41,35,55,30,27,20,25,31,24,13,33,32,34,23,30,37,26,43,59
94,CAT,41,31,24,105,47,40,28,27,31,24,23,28,36,25,27,34,38,69,39,498946,44,44,34,44,34,31,24,29,40,43,28,29,45,35,26,30,23,31,34,22,32,26,27,27,27,37,31,25,36,31,18,61,42,23,30,28,32,23,26,29,27,24,23,27
95,CCT,44,41,31,53,55,35,44,84,30,9,18,28,32,28,27,35,42,49,28,122,71,258,39,501665,31,41,43,23,29,25,33,38,27,33,3,1,35,46,13,36,38,31,14,32,24,28,10,27,33,24,15,31,32,33,25,53,26,28,31,25,24,29,23,26
96,GCT,24,35,28,20,36,34,22,63,27,21,18,24,21,19,26,32,31,34,17,18,21,40,16,32,41,18,30,42,21,20,33,26,27,35,6,77,41,78,49,503203,36,35,29,41,35,26,33,142,26,25,16,23,30,29,20,39,33,34,38,29,23,25,28,24
97,GCT,42,30,20,29,41,32,23,105,29,28,20,22,33,23,20,40,30,23,16,30,18,27,17,33,20,20,18,27,28,24,17,35,26,19,26,95,71,183,74,501843,39,28,85,76,41,33,55,83,35,27,19,30,27,24,17,63,35,33,23,21,38,29,30,32
98,ATG,49,43,45,51,33,36,36,27,37,24,49,36,78,39,499728,64,33,36,36,27,33,30,22,21,24,20,21,20,23,14,43,26,37,28,36,21,16,22,15,19,13,29,54,36,15,29,46,32,49,29,44,27,17,15,23,20,25,29,43,33,28,24,33,25
99,CCT,36,23,16,47,35,51,21,80,27,30,35,34,37,30,22,57,42,44,8,172,67,205,49,502229,19,38,39,36,44,36,29,58,34,20,32,30,29,29,30,45,23,37,51,35,36,20,33,29,49,36,30,62,29,42,33,127,31,19,30,48,42,28,34,68
100,CAT,61,36,39,105,32,31,35,52,27,21,27,32,34,28,28,47,32,49,33,502743,29,35,29,32,27,22,42,68,38,16,34,48,39,32,41,37,34,33,20,30,38,30,56,45,35,38,46,37,36,34,32,73,33,33,26,32,22,30,28,44,41,37,40,50
101,CTT,51,20,33,45,43,21,19,25,12,15,42,45,39,21,35,95,38,26,17,33,40,25,34,46,43,28,45,40,33,60,27,502897,32,31,35,36,23,33,33,34,31,22,90,47,38,32,53,54,31,20,36,45,22,24,32,40,38,37,46,45,39,25,48,78
102,CTT,50,21,40,50,43,25,31,36,26,4,39,34,36,23,41,80,41,35,25,50,26,32,21,66,39,19,49,29,31,83,32,502250,21,33,24,39,25,20,21,22,33,15,37,56,43,34,40,50,42,38,36,35,30,27,28,40,48,26,26,48,52,34,36,61
103,ATT,38,37,31,59,35,28,28,31,28,33,31,42,54,41,43,501162,37,29,20,19,21,16,20,20,20,27,30,24,24,13,32,51,36,19,16,32,20,27,29,24,26,23,43,30,45,27,39,55,45,34,36,46,27,19,21,29,33,30,41,40,37,26,27,53
104,GGT,48,34,34,36,39,33,29,27,32,20,47,71,41,26,34,40,31,25,34,31,33,22,29,27,28,29,24,41,22,33,23,28,23,34,36,57,44,23,47,30,52,72,141,502065,40,25,43,65,33,31,30,40,30,26,12,17,30,27,55,130,25,35,31,35
105,TCT,43,46,39,38,39,32,41,50,26,18,58,44,30,28,42,58,33,24,39,38,43,33,36,35,22,32,40,33,30,31,27,27,37,29,52,44,47,26,51,45,58,26,96,57,30,33,44,55,57,40,45,102,54,48,45,501032,27,23,52,65,50,35,43,81
106,TCT,67,37,34,30,58,34,45,42,25,22,23,31,45,39,29,42,44,40,34,31,44,46,26,55,26,30,32,20,26,30,24,30,22,34,28,34,35,32,30,30,25,26,40,27,47,30,27,27,41,33,39,84,56,71,35,502488,28,18,24,41,39,25,33,53
107,GGA,83,37,48,73,49,52,51,52,61,35,31,35,69,44,45,59,63,44,33,48,53,32,15,47,52,26,25,30,37,39,23,42,70,40,36,45,55,24,32,31,502080,39,53,43,101,29,34,45,61,40,37,69,32,33,17,33,166,18,39,40,61,43,49,54
108,TTA,79,71,36,52,48,44,32,57,57,29,44,42,76,47,54,61,58,60,36,40,44,64,26,39,35,33,26,29,65,52,26,51,30,34,35,24,33,35,32,37,42,33,74,45,49,41,50,35,74,43,39,66,44,31,25,47,45,37,34,42,502410,35,52,89
109,TCA,76,52,53,69,68,49,24,56,38,55,45,39,69,67,69,61,60,63,32,38,65,67,50,48,38,31,29,47,64,55,44,41,53,61,48,50,45,39,50,44,48,44,75,61,52,58,57,66,187,39,46,65,500872,78,116,68,65,40,76,62,107,62,49,109
110,AGG,74,37,82,45,57,31,47,46,110,49,501525,78,54,44,172,56,54,47,36,37,35,30,26,33,31,29,54,42,47,37,39,43,34,22,44,36,32,34,44,28,36,22,121,59,30,36,45,54,55,38,48,51,45,29,36,31,49,43,67,70,48,38,65,74
111,TAT,28,25,32,43,34,24,24,46,40,22,32,41,53,38,43,61,49,49,21,65,44,49,33,40,33,16,24,23,32,32,31,36,27,30,21,41,19,26,17,14,23,13,38,31,34,31,31,35,52,50,50,502738,48,43,26,55,55,26,49,89,62,50,59,74
112,GTT,63,41,50,61,56,46,40,47,27,42,48,46,58,40,40,83,49,50,36,58,26,50,32,31,39,46,46,33,31,34,32,41,48,44,42,59,41,32,55,68,43,50,105,47,52,64,77,502388,49,51,51,65,39,52,35,53,40,29,50,47,47,43,39,83
113,GCC,56,48,33,35,40,141,29,25,34,30,33,29,32,33,26,28,37,39,25,25,29,55,32,24,25,21,36,19,25,27,22,31,31,104,43,37,68,502498,41,65,37,69,100,59,26,143,42,23,43,27,31,35,37,72,23,27,25,41,35,28,41,31,35,36
114,CGT,56,38,46,42,25,5,40,35,37,17,28,150,36,31,39,41,58,44,49,133,48,5,25,39,53,62,62,502182,32,26,20,63,27,14,33,37,30,20,40,40,46,25,89,61,30,28,49,42,52,32,32,36,23,13,21,35,31,30,22,121,43,29,19,42
115,TTG,90,54,75,80,41,30,33,24,41,30,55,34,78,34,70,41,58,47,60,50,45,20,34,31,28,30,46,30,42,29,73,47,52,33,59,42,27,24,41,25,25,34,83,36,54,24,75,45,76,53,48,57,41,26,63,23,33,22,61,34,90,32,502433,110
116,TCC,59,64,29,52,58,61,34,59,35,33,48,40,36,10,31,39,51,38,36,41,52,80,46,50,45,41,26,42,47,44,32,36,29,48,36,39,36,55,48,28,38,36,65,53,47,43,22,40,63,104,52,41,157,501986,60,82,29,54,61,52,47,71,21,74
117,TCT,41,24,41,49,28,25,32,66,37,23,29,42,47,35,38,75,37,32,31,46,41,50,27,181,22,13,26,31,65,40,18,40,43,31,40,58,38,31,56,53,45,19,60,40,46,44,59,66,54,42,30,169,51,131,66,502237,46,28,10,65,86,56,45,110
118,AAT,61,29,45,488408,28,27,25,42,30,24,39,51,44,45,60,75,35,21,32,46,24,25,25,25,25,26,43,19,36,20,26,55,40,16,38,42,17,19,28,32,24,22,86,25,35,40,49,57,34,33,42,58,22,23,20,36,18,15,30,44,63,33,60,71
119,TCC,38,34,17,27,38,36,10,21,32,21,19,24,26,35,22,44,25,29,3,20,20,41,13,15,8,34,14,17,23,21,13,42,24,24,13,23,28,40,17,17,37,18,28,23,24,36,27,31,34,98,16,25,103,332620,19,63,27,28,29,30,39,49,35,55
120,AGG,32,30,57,24,29,28,29,23,27,23,332157,82,32,24,108,24,19,26,30,35,43,20,23,24,26,28,57,25,34,31,23,31,23,25,24,26,19,22,34,24,27,29,256,32,34,31,36,37,32,25,26,24,32,31,28,21,24,23,48,47,34,27,36,48
121,ATC,33,45,22,37,8,15,10,8,24,22,27,53,98,332592,31,50,30,33,28,27,34,38,21,24,21,24,30,25,25,33,23,30,22,22,17,26,26,28,28,29,31,29,48,23,29,30,36,44,36,22,31,39,29,26,26,23,34,36,26,19,37,25,14,39
122,AAC,37,332783,19,48,27,29,27,21,32,31,34,25,26,79,17,35,24,42,25,16,28,37,2,14,23,27,16,8,23,30,6,22,14,65,32,25,22,17,11,25,25,24,30,23,29,33,25,33,37,39,23,27,25,16,21,29,28,37,15,32,17,28,23,27
123,AAC,88,332281,40,70,48,52,21,44,40,40,25,35,40,49,33,43,54,67,32,34,45,34,14,21,17,21,17,19,38,37,21,50,32,38,35,26,33,31,16,25,32,25,32,28,26,31,41,29,50,44,40,33,44,38,35,31,23,20,4,25,51,37,30,45
124,AAC,67,332142,47,63,45,49,23,33,28,51,31,39,48,58,40,58,30,43,33,47,40,48,15,25,24,32,22,13,36,45,20,33,35,45,33,20,28,33,17,26,29,32,59,28,22,24,39,40,44,43,35,50,42,38,28,33,31,39,37,50,54,54,30,46
125,CAG,35,13,92,39,29,22,28,30,23,22,28,42,29,28,28,28,58,23,332490,67,23,25,21,29,28,32,43,36,20,34,32,32,20,30,29,38,27,13,26,29,19,10,24,25,36,16,31,28,31,36,40,37,25,16,35,25,18,23,44,41,46,34,48,70
126,TAC,34,38,28,35,33,23,25,33,19,23,14,24,42,43,27,45,33,44,23,15,26,22,19,22,21,13,19,16,27,31,28,20,29,33,20,27,22,22,20,21,19,26,30,24,33,21,31,16,55,332502,47,171,31,28,25,28,31,55,34,30,38,48,22,59
127,GGG,20,20,37,36,20,26,23,23,29,19,50,37,31,27,32,30,32,25,19,23,25,35,23,17,19,29,26,32,23,16,25,39,35,26,71,37,24,23,26,30,63,35,332291,101,26,22,112,50,40,38,31,37,26,27,28,24,39,25,102,51,31,42,42,48
128,ACC,29,39,14,19,123,332618,25,91,13,25,23,33,36,66,15,31,35,29,17,25,54,74,28,35,31,32,16,22,18,31,17,21,25,24,20,26,27,60,26,21,18,33,36,30,18,26,19,25,29,23,30,30,17,48,15,13,8,19,16,12,19,28,3,34
129,ATG,42,37,59,50,47,28,119,37,33,34,46,39,203,40,331877,88,33,22,25,31,34,24,34,23,34,20,40,35,36,22,36,42,29,25,30,18,23,27,17,18,24,30,53,31,15,29,29,33,47,35,41,43,39,28,46,28,37,37,57,47,48,35,57,45
130,CAA,69,46,32,45,35,46,32,29,34,12,18,18,47,34,32,47,332063,64,27,72,42,50,30,26,54,30,27,33,57,33,33,46,57,24,43,27,33,29,24,33,27,11,25,17,28,29,24,36,210,30,32,57,41,25,23,25,30,22,27,28,51,36,39,61
131,AAC,83,332646,39,122,50,49,13,33,30,30,21,25,46,45,24,42,25,33,14,28,25,24,11,23,16,20,9,13,22,32,15,27,21,24,14,19,17,17,5,19,12,31,31,12,19,16,13,27,47,48,25,42,28,29,8,34,21,22,14,23,44,38,30,51
132,CTG,41,40,29,34,35,25,27,35,26,22,24,22,55,26,86,41,30,42,32,45,39,48,115,41,27,27,52,26,78,29,332175,64,20,20,28,9,26,9,32,27,23,24,43,38,32,14,43,21,38,16,44,39,28,25,25,35,35,24,46,44,41,29,50,35
133,CAC,23,54,22,28,26,25,15,21,27,6,17,24,19,17,24,19,54,332586,29,95,21,43,34,18,26,59,28,25,25,37,19,19,16,35,15,20,17,29,23,26,11,33,43,31,22,22,31,18,29,159,24,12,37,31,22,21,27,29,27,37,26,32,29,18
134,GAC,20,44,15,29,18,34,12,22,33,14,14,17,25,21,9,23,35,36,24,26,26,34,15,17,19,23,17,22,18,19,26,28,64,332687,30,65,19,36,18,30,34,30,37,20,29,37,25,27,33,89,26,29,30,37,11,22,18,27,27,23,39,20,31,38
135,TCC,27,20,14,47,26,38,11,24,7,10,2,12,33,42,7,25,18,21,3,16,15,98,7,27,19,16,9,16,21,29,8,33,17,34,18,30,19,39,17,21,27,18,12,10,27,26,14,36,38,94,11,39,93,332707,23,70,24,32,11,20,37,56,15,56
136,TGC,26,39,19,23,23,27,26,32,35,35,25,33,31,31,16,32,32,37,22,28,29,36,17,21,37,83,27,22,25,24,17,18,28,24,14,23,24,30,22,26,44,40,58,40,25,18,24,20,29,219,11,19,21,30,30,40,60,332243,52,56,31,76,24,35
137,TCA,37,17,19,17,21,13,27,24,14,10,7,13,25,23,16,36,12,5,7,8,36,12,13,21,4,11,13,9,10,16,10,19,34,20,25,27,27,9,26,13,35,26,41,26,25,18,24,32,153,23,29,39,333021,20,37,21,21,24,15,25,26,16,24,24
138,AGG,36,27,35,24,28,26,29,29,59,20,332488,46,32,32,67,42,26,23,27,22,26,20,18,30,21,8,33,28,25,24,20,25,31,25,27,28,25,20,30,21,18,35,100,44,20,24,50,26,27,26,28,30,19,20,19,26,29,21,65,39,41,25,36,42
139,CAA,49,39,17,28,46,30,14,24,11,16,12,14,40,29,26,23,332347,39,32,43,54,48,21,37,37,25,21,29,38,38,29,29,7,12,6,13,23,24,17,16,23,27,19,11,23,10,28,23,93,28,26,28,31,25,14,28,29,25,22,37,54,16,36,51
140,CTC,37,18,9,26,8,7,4,3,20,15,11,37,25,48,18,41,13,23,14,17,20,35,11,16,17,19,16,21,78,332797,39,43,22,21,10,22,17,16,14,17,24,14,19,19,33,23,21,36,31,27,24,20,22,23,17,25,29,25,18,27,50,53,44,45
141,TAT,17,20,17,37,22,18,11,19,13,17,8,20,19,21,25,36,19,21,19,112,11,19,15,28,18,11,15,22,20,12,29,27,14,23,6,23,16,13,18,20,12,11,23,21,19,13,28,21,28,28,21,332700,30,26,32,34,22,9,23,39,29,13,24,40
142,GTT,37,27,25,29,22,23,20,18,16,11,31,14,39,24,32,48,31,24,22,26,21,22,12,18,19,14,19,17,19,16,21,24,35,28,30,29,21,17,30,41,22,23,35,36,52,43,32,332743,43,24,24,34,21,15,28,34,34,23,28,30,29,28,27,65
143,TCC,28,25,25,19,30,21,27,20,24,18,21,30,27,23,18,28,22,24,10,26,24,37,24,31,11,14,9,13,15,23,16,39,15,18,17,34,20,10,14,21,16,26,28,25,13,14,16,33,40,65,17,43,86,332657,18,60,20,16,41,38,55,80,30,48
144,CTC,19,26,13,27,8,15,12,17,13,12,17,20,21,128,15,19,23,24,9,23,22,83,20,15,38,29,21,29,93,332712,21,31,24,23,9,27,22,17,13,9,32,27,18,21,27,32,21,13,30,22,14,26,25,15,17,38,26,28,16,37,36,36,14,42
145,ATG,34,30,11,33,25,18,40,24,26,28,5,12,40,31,333029,45,30,27,9,15,27,26,23,22,17,17,16,18,16,17,23,13,20,16,6,16,10,13,6,25,19,19,21,12,12,24,15,15,38,18,23,37,23,22,15,22,20,24,22,23,30,22,18,24
146,TTG,18,19,34,19,25,20,30,25,20,29,27,18,37,23,40,34,19,17,23,25,16,30,19,17,19,24,31,19,15,18,23,18,18,22,24,22,23,20,20,22,23,17,42,18,27,12,36,24,21,27,16,29,26,28,42,19,24,12,60,30,53,18,332784,31
147,CTG,26,33,23,24,29,20,18,29,23,12,10,15,29,20,49,18,39,35,36,32,30,20,55,22,19,15,32,29,123,19,332795,63,19,14,25,10,17,13,16,11,10,5,26,9,10,14,23,2,36,15,27,23,18,11,17,26,12,16,13,43,24,21,82,27
148,TAC,27,33,19,21,21,29,15,19,11,15,15,35,22,31,25,40,20,93,20,27,25,35,15,20,22,18,17,13,23,18,21,27,27,24,24,20,22,25,23,21,32,31,40,40,34,27,15,15,54,332613,26,103,33,34,20,19,42,45,30,16,31,33,22,41
149,AAA,333260,13,20,24,19,19,16,15,27,8,15,14,37,14,9,19,13,7,9,11,7,13,9,20,19,5,13,7,14,14,16,22,26,10,14,12,7,3,8,12,13,19,25,15,17,11,14,18,29,7,18,22,20,10,14,17,17,16,22,28,30,13,20,31
150,ACC,23,32,23,27,59,332990,17,35,26,20,25,12,29,33,14,27,30,27,13,22,22,27,12,23,18,18,9,7,11,19,9,23,18,10,11,11,23,25,18,13,12,9,13,12,17,16,14,19,26,22,13,28,20,22,10,21,10,22,13,18,37,24,17,18
151,TAC,33,32,19,38,26,20,13,20,25,23,17,30,29,22,15,30,24,45,13,15,16,19,18,15,36,21,6,13,19,17,18,23,26,16,14,23,16,27,16,18,11,13,16,23,30,21,16,19,49,332733,24,113,26,30,14,26,32,47,12,27,22,27,23,26
152,GGA,23,20,5,19,29,28,11,29,19,0,1,2,29,29,5,24,20,20,14,25,26,33,13,18,23,22,9,17,27,33,15,17,27,29,20,26,25,21,21,27,333103,22,8,26,66,27,23,32,29,19,16,22,25,22,13,18,97,19,3,12,35,34,14,32
153,TGG,34,24,18,16,19,26,25,19,21,14,22,25,12,21,24,18,26,22,20,17,13,22,12,12,21,20,33,24,15,9,16,21,19,25,23,17,11,12,20,14,24,10,25,23,18,23,27,20,23,25,51,23,20,9,20,24,41,22,333085,56,26,19,64,38
154,AAA,333387,30,28,20,27,31,5,15,18,19,12,23,40,29,31,40,21,35,11,18,21,24,10,18,9,8,9,11,20,12,17,20,24,16,13,16,13,20,7,14,10,12,12,5,12,13,12,12,23,18,20,18,23,16,9,18,22,7,11,29,16,10,20,16
155,TTG,43,6,19,24,26,14,16,19,11,8,12,14,24,10,25,16,23,9,8,12,22,19,14,17,10,4,18,16,19,10,38,12,11,3,18,7,8,8,12,6,11,5,9,4,8,7,16,17,11,5,9,12,8,11,17,11,9,6,7,7,59,13,333561,41
156,CAC,18,21,4,6,17,13,4,6,5,4,4,7,9,11,9,9,23,333799,6,40,12,21,7,15,4,19,9,7,9,7,6,11,1,4,9,14,3,13,3,7,1,3,6,3,5,1,1,4,11,143,7,10,17,5,9,8,6,12,6,9,19,6,6,3
157,CTG,1,0,3,6,0,1,6,1,4,1,5,6,2,4,70,4,5,4,16,6,7,0,124,5,2,0,8,2,64,6,333924,30,7,2,9,4,3,2,3,1,2,0,5,1,3,4,10,2,6,5,5,9,1,0,2,3,3,1,5,6,4,2,36,6
158,TAT,23,23,19,21,29,20,22,24,10,9,13,23,32,25,19,22,11,18,17,55,10,15,21,24,16,12,11,12,17,19,16,19,29,25,28,20,24,11,17,16,4,21,25,28,28,20,27,28,27,23,25,333099,29,14,23,31,33,24,22,42,33,23,30,39
159,TCC,36,24,18,34,29,25,25,31,32,21,26,26,32,32,20,37,27,33,8,35,22,32,23,32,23,20,16,20,31,22,20,18,27,32,25,24,26,34,25,34,16,21,12,23,28,32,29,30,29,86,32,35,104,332558,24,62,36,26,31,35,33,65,47,44
160,CAT,31,17,26,129,24,24,16,25,22,11,0,12,17,19,25,33,34,49,16,332804,29,37,28,43,40,27,26,38,38,21,24,42,14,20,14,22,26,21,19,24,17,23,34,13,33,15,36,27,22,38,30,54,25,18,18,23,26,11,15,34,27,17,21,32
161,CCC,28,35,26,30,27,58,20,19,20,22,8,26,45,23,35,37,40,113,28,40,162,332502,32,36,23,32,28,28,37,63,28,40,13,3,12,20,28,17,16,19,5,4,5,20,24,25,30,28,30,24,28,26,36,49,31,33,27,30,37,38,39,35,48,42
162,ATC,42,37,22,29,31,43,16,23,15,15,6,14,53,332987,19,74,26,29,4,14,27,26,13,19,25,23,13,7,19,26,19,30,23,21,19,29,9,17,17,23,28,11,20,11,23,37,25,23,33,22,15,28,37,18,26,18,24,16,28,13,35,25,20,51
163,GTC,19,24,4,30,20,25,5,15,17,9,0,12,31,54,8,24,9,20,4,15,12,24,2,6,3,5,1,8,8,20,4,13,12,16,7,22,26,30,2,19,10,8,4,10,44,333521,11,29,24,16,8,29,14,13,6,13,3,6,0,19,33,73,4,20
164,CTG,25,22,29,21,26,10,20,20,14,8,15,12,22,16,136,14,30,21,55,19,21,27,136,19,22,10,32,14,64,21,332883,96,14,10,23,7,14,12,16,13,10,14,26,17,10,16,32,21,29,21,18,19,27,11,26,15,17,12,21,13,26,20,41,15
165,GGC,26,26,20,32,29,20,13,28,23,26,24,28,35,24,14,18,19,27,11,17,18,24,15,18,7,11,10,12,18,30,13,15,26,62,16,20,21,29,20,34,25,333024,27,57,13,46,19,23,26,14,16,17,24,20,32,24,15,49,21,33,17,30,29,42
166,TTT,29,16,19,40,18,21,12,25,23,17,22,40,27,32,34,44,21,26,8,34,8,32,27,32,8,17,14,20,21,32,28,39,21,15,24,17,20,14,20,25,10,24,37,26,26,18,24,39,34,26,36,49,23,15,34,36,30,29,45,39,46,72,46,332769
167,CGC,35,31,20,28,20,25,23,32,30,71,26,22,31,28,18,29,23,260,12,28,19,17,22,16,37,332465,37,41,22,51,33,33,17,13,28,29,27,10,14,27,27,29,30,21,14,22,19,29,28,25,26,27,24,22,29,31,30,72,28,41,34,37,39,44
168,AAA,333446,11,19,40,20,10,11,15,26,17,16,24,10,12,11,19,21,12,5,12,1,10,4,10,6,8,5,19,17,7,9,20,36,24,16,18,13,6,12,12,25,15,18,17,20,23,14,30,26,26,17,21,15,7,10,19,13,12,16,18,40,25,22,35
169,ATA,34,16,13,22,37,17,17,18,15,10,28,11,333425,20,28,32,19,18,13,12,17,10,9,9,10,4,16,8,34,15,10,18,11,7,22,11,9,3,7,4,22,6,31,13,24,13,33,13,32,25,22,23,14,9,14,19,15,14,15,13,31,11,17,15
170,CCT,36,43,20,41,30,33,34,60,22,25,18,28,36,44,32,44,32,27,22,104,43,107,22,332389,12,22,23,31,23,24,27,47,23,17,19,28,25,15,33,27,27,10,24,35,37,22,29,43,34,20,37,32,38,28,26,59,18,20,30,41,52,18,19,47
171,ATG,50,32,50,52,38,40,21,25,40,28,51,35,68,22,332340,145,39,12,34,24,32,34,25,32,20,14,37,32,40,26,36,33,31,23,12,27,24,24,20,15,27,20,34,37,32,27,39,38,49,22,47,48,37,39,39,22,17,9,37,39,29,39,42,28
172,GGA,48,34,18,44,20,15,11,13,40,14,20,19,35,37,29,31,32,21,8,27,27,25,11,10,27,18,14,19,33,14,24,25,37,14,22,22,13,14,11,11,332881,19,55,21,88,33,14,25,47,29,13,46,21,38,15,24,72,19,19,26,38,24,22,28
173,GTG,40,0,29,15,18,14,10,13,16,16,19,35,41,13,87,28,26,18,19,38,28,28,22,19,14,12,10,23,22,24,17,32,23,17,44,19,32,16,38,17,23,21,47,29,46,26,332787,174,35,14,28,33,22,15,29,21,26,15,29,27,42,17,43,19
174,GGC,23,27,15,23,25,25,14,18,10,39,19,26,23,30,24,23,17,32,14,20,24,32,24,14,17,26,17,15,21,38,19,14,19,98,12,18,15,42,23,9,50,332853,41,94,20,30,23,30,31,33,16,24,22,27,16,18,26,54,28,28,28,23,19,34
175,CTC,42,26,36,25,35,32,23,28,22,20,18,33,38,73,33,45,38,59,28,43,39,131,21,31,32,38,28,37,72,332379,38,71,5,20,14,17,14,17,16,21,21,23,16,16,26,40,16,19,43,34,24,48,36,29,34,36,33,26,31,38,31,66,32,43
176,AGT,49,40,22,54,23,18,27,4,40,26,17,332823,33,33,33,64,37,19,14,37,10,24,14,18,23,8,7,25,35,19,17,33,22,22,23,32,24,9,16,18,19,8,28,56,41,22,20,32,37,34,34,51,24,23,31,23,25,5,14,38,25,28,31,41
177,CCG,40,52,56,38,62,58,124,45,41,52,57,42,32,39,52,44,53,55,175,41,112,47,331260,64,53,57,63,41,47,52,101,21,38,40,48,31,44,35,61,41,33,37,61,46,42,29,68,35,44,35,54,43,60,42,68,36,42,42,62,52,40,27,47,26
178,TTT,32,17,29,34,16,23,19,21,17,8,14,25,32,21,20,52,17,11,26,29,21,19,24,21,19,13,28,34,22,24,27,56,23,20,30,46,25,11,30,33,36,28,63,46,37,25,41,51,26,38,51,42,20,21,24,34,18,22,58,52,50,36,64,332617
179,CTC,50,54,26,37,34,31,32,28,36,35,36,32,31,71,34,47,48,42,39,36,35,63,30,39,28,39,26,35,108,332179,33,45,35,16,32,27,24,32,19,21,44,29,25,31,37,39,33,35,45,34,31,35,36,34,41,36,27,29,36,31,34,82,39,35
180,TTG,41,16,37,28,33,22,21,22,21,15,24,16,33,16,34,26,34,30,24,33,29,28,23,23,20,24,15,19,31,22,53,18,30,26,33,16,25,12,26,20,18,11,54,22,18,23,28,22,35,21,38,31,20,17,28,27,22,20,22,39,35,28,332850,67
181,GCT,18,27,35,30,40,36,44,84,25,41,35,30,26,18,25,31,20,26,19,37,44,53,33,45,27,36,15,33,25,23,27,53,33,27,28,76,17,56,49,332351,23,27,53,51,25,36,40,48,22,25,19,31,24,25,24,45,27,29,20,39,21,41,32,33
182,CAG,23,17,79,25,27,27,27,10,18,19,34,14,16,9,28,34,42,30,332930,46,19,19,35,35,17,24,59,30,8,15,13,18,18,26,23,24,27,16,25,24,27,11,34,22,15,21,28,23,30,23,44,37,17,24,26,22,23,22,23,26,25,14,28,22
183,TTT,12,24,16,34,15,21,8,18,12,14,16,17,28,18,13,35,20,10,19,22,15,19,16,11,12,11,18,23,24,22,15,33,15,9,10,20,8,4,11,15,12,9,12,17,11,12,30,17,32,16,19,27,24,29,25,25,12,15,21,18,31,26,20,333299
184,ACT,34,15,22,40,30,28,25,333112,24,13,28,36,19,9,21,40,29,4,26,17,14,9,23,21,16,13,21,24,19,11,15,23,31,14,25,23,31,12,24,29,23,11,26,28,16,19,16,24,28,8,26,20,25,16,21,31,32,13,26,30,22,21,18,27
185,AGT,8,17,29,35,6,19,25,14,4,20,42,333473,7,13,33,41,4,14,19,22,6,21,18,17,2,8,20,23,5,17,17,23,1,6,7,6,5,9,20,15,4,21,43,52,6,11,32,19,7,14,27,9,9,5,23,15,1,13,30,15,10,14,28,22
186,GCC,41,38,24,31,35,117,44,32,22,32,31,31,36,30,21,26,44,39,19,36,26,58,27,36,26,38,20,30,25,18,28,33,16,56,35,41,110,332043,61,63,49,50,47,47,45,105,51,40,28,29,28,23,35,77,24,33,35,35,27,34,31,20,29,47
187,ATT,41,6,33,42,25,23,22,41,17,25,27,39,32,36,29,332836,37,15,24,37,26,25,23,21,19,18,28,32,32,23,18,30,28,18,29,26,14,26,18,24,21,14,30,21,16,27,20,31,21,21,22,30,19,34,17,21,21,30,20,34,27,19,25,35
188,TGT,35,41,34,33,31,32,18,38,19,23,23,31,38,30,29,27,44,13,23,33,42,36,24,32,26,15,26,36,33,10,22,27,15,25,18,31,10,17,19,23,13,11,36,27,40,40,34,23,35,38,24,48,29,23,17,31,20,50,26,332768,16,27,25,38
189,TCA,41,45,41,33,54,24,34,19,26,14,20,15,32,33,21,33,31,21,28,37,53,47,28,30,35,29,27,31,29,38,26,33,31,29,30,32,39,28,21,24,29,30,35,29,33,28,31,17,127,41,27,39,332351,29,106,31,38,23,30,22,52,27,27,36
190,GTG,41,21,42,20,40,36,34,24,25,38,43,44,34,34,41,25,38,31,32,41,41,28,33,35,26,33,37,25,27,27,43,21,36,32,44,34,29,37,50,26,49,32,59,46,84,35,332158,88,47,29,33,31,36,27,39,32,33,45,60,43,41,24,46,38
191,GTT,34,16,12,25,28,27,18,22,16,8,19,24,21,21,38,56,19,21,14,29,21,20,17,38,25,13,15,28,21,20,14,35,19,16,24,30,11,6,28,23,23,11,34,37,35,24,32,332824,28,28,18,33,18,25,23,33,26,13,26,34,35,19,32,65
192,CGT,50,53,22,48,48,62,42,48,28,20,24,103,36,33,29,38,59,45,41,115,57,65,54,56,41,79,47,331823,37,43,40,72,18,30,20,26,22,29,20,38,16,10,32,35,27,23,18,41,22,29,22,41,24,35,33,31,21,23,20,57,39,40,26,35
193,AGG,43,34,49,35,33,45,33,35,37,36,332287,68,34,35,120,34,38,24,22,17,42,55,47,32,20,35,49,23,31,28,32,27,33,21,19,19,35,35,33,24,19,25,32,12,19,24,25,27,28,29,31,23,24,24,30,26,24,18,43,30,28,26,24,22
194,GCT,28,20,29,40,23,32,37,101,28,22,40,39,21,20,34,31,23,25,34,34,38,40,44,37,18,30,37,38,34,33,29,46,22,23,27,67,51,93,93,331725,19,46,60,64,30,28,67,87,33,29,32,26,30,23,40,68,23,45,50,38,34,22,42,38
195,TTC,9,15,3,10,5,11,1,11,10,3,4,13,12,16,4,21,6,11,1,15,6,14,1,6,6,5,3,8,15,38,1,17,20,22,11,28,20,17,16,17,30,24,23,28,43,34,24,57,8,18,8,32,9,150,3,22,23,12,12,15,63,332931,9,123
196,CCC,19,22,10,27,27,77,25,25,20,17,14,38,16,36,19,29,29,85,18,24,97,332452,48,46,25,23,25,26,31,59,26,23,20,14,23,17,25,36,30,19,32,28,88,48,19,25,24,15,30,24,16,14,26,102,28,25,17,16,41,31,30,28,16,35
197,CAC,31,105,36,32,51,44,20,39,32,27,27,32,34,34,17,31,66,332088,46,76,48,54,36,29,32,47,25,50,20,41,19,41,30,41,30,29,30,22,29,34,33,38,30,36,26,22,28,26,18,60,20,47,31,30,19,25,34,22,38,39,21,25,29,45
198,TGT,27,14,12,23,26,14,28,25,23,20,23,40,14,27,25,36,12,31,19,33,17,26,26,35,21,27,35,58,22,27,22,21,28,13,38,31,20,21,42,33,36,41,152,56,34,28,42,39,23,20,25,48,22,17,16,36,36,54,42,332477,30,24,33,55
199,TTG,36,28,39,33,30,25,35,16,31,14,26,20,17,19,24,13,27,26,25,19,30,25,31,20,21,16,42,18,9,25,68,17,32,19,33,13,27,12,54,17,28,29,71,27,19,15,32,10,17,25,32,23,29,23,39,27,23,32,41,23,37,25,332657,77
200,GCT,31,36,22,33,29,29,19,73,12,28,30,39,34,19,19,36,17,14,15,39,16,28,29,31,10,24,18,26,23,16,16,20,16,29,45,53,24,35,75,332513,23,38,85,34,32,37,34,61,37,26,24,36,17,20,19,41,11,23,21,19,31,25,18,56
201,TTC,39,33,44,28,37,32,24,27,34,36,30,29,38,19,28,43,24,22,35,26,27,38,30,46,29,34,34,28,39,49,34,36,36,30,54,43,50,41,34,36,42,41,60,55,51,50,61,56,55,47,59,53,40,39,45,43,60,60,45,44,99,331608,63,110
202,AGC,32,40,31,39,8,35,24,30,65,332119,28,56,24,42,24,36,15,20,29,24,35,39,45,27,26,55,29,26,20,24,21,22,26,24,31,36,25,34,37,35,43,116,46,38,32,32,34,46,35,42,26,44,22,22,27,15,33,33,58,42,55,34,33,29
203,TAT,14,18,20,36,15,20,21,16,12,7,15,28,14,19,20,28,1,9,7,36,16,15,16,13,5,8,10,9,21,9,12,23,25,16,25,28,21,14,17,26,16,14,40,20,24,22,26,27,31,32,18,333204,24,12,21,32,23,24,12,26,32,25,20,40
204,ATG,25,20,31,20,38,31,30,29,22,22,20,18,46,30,332662,131,27,28,16,17,26,33,22,15,13,12,27,17,19,30,34,17,18,7,19,20,18,20,18,12,15,19,34,20,13,20,43,20,25,20,29,28,23,37,15,24,21,22,21,27,27,22,24,26
205,GAT,17,25,20,29,31,39,17,27,9,20,22,14,27,15,23,15,33,27,15,28,41,54,22,32,17,26,19,17,21,24,14,21,18,31,30,332775,21,42,29,26,24,13,40,41,28,25,27,39,19,19,11,40,25,16,26,25,21,10,31,22,10,24,16,19
206,GAT,40,51,14,66,31,42,28,32,20,25,25,19,29,32,33,29,28,33,27,30,40,53,35,31,18,37,25,20,17,26,24,27,26,26,49,332414,21,39,30,36,24,38,61,41,31,33,27,33,26,29,16,87,37,42,25,30,21,24,25,18,32,35,27,32
207,GTG,41,37,44,37,40,28,33,28,38,25,48,30,24,28,49,37,39,34,33,21,25,38,29,36,25,23,31,25,13,30,33,20,28,21,44,15,26,21,62,15,35,39,123,42,61,28,332269,99,35,31,37,26,36,25,37,31,34,38,43,25,24,20,38,20
208,GTA,53,27,27,37,29,21,21,27,40,17,30,35,58,26,27,32,37,18,16,30,20,17,12,19,23,21,31,28,35,32,29,24,48,9,41,32,34,13,28,24,54,37,144,61,332157,32,65,35,41,25,33,33,22,22,23,28,33,19,32,50,48,30,24,34
209,TTG,43,29,50,36,29,49,33,23,35,31,61,37,58,21,59,58,21,24,32,30,30,30,36,24,24,22,68,23,57,26,53,22,27,25,46,36,33,37,56,22,39,24,63,34,42,40,55,36,48,42,61,54,48,28,61,30,48,45,90,55,86,46,331760,154
210,GGG,14,17,16,13,10,22,26,11,15,26,60,8,17,22,34,13,16,8,20,18,19,26,41,19,15,21,46,21,23,18,24,15,11,15,61,15,16,22,40,15,51,33,332859,75,14,20,112,23,21,14,17,15,8,13,18,16,16,14,106,19,17,9,35,19
211,GCC,25,25,15,27,24,237,11,21,18,21,35,33,26,29,23,33,21,35,18,30,52,50,37,38,32,29,32,22,25,30,29,36,20,46,24,23,90,332027,46,59,33,66,64,48,32,96,38,38,31,16,15,37,25,46,45,41,20,15,42,31,32,43,39,45
212,AAG,33,25,332599,32,21,20,15,23,16,34,76,31,21,13,41,23,20,18,16,35,21,25,29,22,11,16,42,22,24,22,20,20,17,24,63,23,13,16,45,17,28,36,163,53,26,26,57,29,23,17,31,25,17,17,18,19,24,14,59,26,28,32,24,24
213,TCT,19,26,21,27,17,26,18,33,13,21,28,16,30,25,25,30,17,23,15,21,17,14,10,35,9,17,18,25,16,16,21,21,19,11,27,26,10,2,24,23,23,21,64,47,21,22,32,23,26,22,18,80,35,78,39,332779,14,25,43,55,35,34,33,54
214,GTA,37,42,36,44,37,32,19,30,40,32,55,57,103,38,48,58,31,23,24,29,26,12,33,23,25,19,46,42,39,38,40,27,46,41,72,56,83,26,58,53,69,43,270,119,331281,50,144,107,36,40,50,43,33,34,23,35,44,40,44,66,66,67,57,78
215,CAG,45,46,62,46,43,35,35,37,23,34,48,43,50,28,49,67,123,42,331261,80,15,60,48,46,27,44,102,44,40,36,56,45,38,21,43,33,22,29,66,35,32,54,265,68,49,32,60,36,43,39,128,48,18,33,44,43,26,37,66,51,54,41,55,59
216,CAT,22,26,37,46,15,24,21,15,12,30,44,40,27,25,29,17,23,25,37,332795,23,36,28,36,9,47,42,46,28,30,24,29,14,14,23,37,26,18,41,24,2,2,17,15,15,25,21,29,21,16,23,90,27,15,20,24,25,26,54,32,19,18,30,19
217,CGT,10,12,13,28,10,20,22,14,30,25,30,72,21,20,28,32,31,20,20,126,12,22,16,22,39,72,51,332605,25,24,24,23,23,12,28,25,14,19,29,14,28,33,85,55,23,16,35,32,30,26,23,31,15,14,21,14,24,17,27,70,25,21,29,38
218,GAG,22,23,40,19,20,25,33,19,31,19,26,41,21,20,53,20,18,46,32,21,25,31,26,31,30,21,34,44,23,33,38,32,69,31,332191,48,28,42,41,32,32,39,96,53,38,39,65,46,25,28,122,34,24,34,44,35,39,30,51,36,25,29,44,28
219,TCC,35,44,28,38,32,41,23,43,36,29,25,22,33,30,19,37,31,29,23,32,37,37,34,39,24,23,14,26,37,29,22,41,30,31,38,33,22,20,35,41,34,29,33,42,31,37,37,31,39,74,46,36,97,332135,48,68,37,50,46,48,63,70,47,68
220,CTT,36,31,27,30,17,16,21,27,23,14,50,38,39,36,34,141,37,15,24,48,11,18,25,109,27,12,51,46,51,42,25,331976,16,16,32,30,18,10,29,22,28,24,85,42,32,25,27,52,25,23,47,41,34,11,27,35,31,22,58,51,35,30,58,69
221,TAT,40,20,30,25,19,12,23,22,17,21,32,40,34,19,34,47,23,21,21,53,30,19,34,22,15,19,30,24,21,17,27,30,28,18,44,27,23,24,27,13,22,35,49,11,17,34,48,24,38,29,42,332416,22,36,39,28,25,30,38,60,53,25,49,50
222,ACC,37,41,26,13,87,332562,34,57,30,35,45,38,25,71,25,21,22,10,19,27,33,34,28,28,23,22,38,19,20,14,22,27,21,34,35,18,27,54,34,23,22,41,60,28,32,22,32,29,31,24,22,19,19,35,21,21,32,31,32,28,22,22,16,25
223,GCT,0,0,0,0,0,0,0,110,0,0,0,0,0,0,0,0,0,0,0,0,0,0,0,1,0,0,0,2,0,0,1,0,0,0,0,12,2,18,0,357745,0,0,0,1,0,0,0,7,0,0,0,0,0,0,0,82,0,0,0,0,0,0,0,0
224,GTT,0,0,0,0,0,0,1,0,0,0,0,0,0,0,0,130,0,0,0,0,0,0,1,0,0,0,0,0,0,0,0,3,0,0,0,0,0,0,0,15,0,0,1,0,1,17,0,357830,1,0,0,0,0,0,0,0,0,0,0,0,0,0,0,91
225,ACC,1,7,0,1,53,357937,3,11,0,1,1,2,0,12,0,0,2,2,0,0,1,3,0,0,1,1,0,0,0,0,1,1,0,2,1,1,5,2,6,4,2,2,3,3,0,0,3,1,1,0,0,0,2,1,0,1,0,2,0,1,1,0,0,0
226,AAT,50,33,23,356258,45,26,18,29,33,14,18,38,34,25,28,50,40,31,15,39,20,32,28,24,14,26,24,40,28,23,21,30,31,33,23,43,26,31,11,20,37,13,28,34,30,31,27,27,33,33,21,61,21,19,25,37,44,26,23,35,34,26,26,38
227,TTT,51,38,43,62,42,21,27,39,18,32,16,51,57,38,47,78,48,30,26,35,38,37,27,29,27,29,29,32,35,33,52,49,31,20,29,59,23,41,40,46,33,33,70,53,42,40,50,66,53,40,41,78,42,32,49,51,42,39,50,69,75,55,84,355365
228,CTT,47,24,41,52,39,45,22,47,32,26,44,51,35,37,52,105,30,39,30,42,28,43,24,58,37,16,55,45,46,49,46,355060,26,26,28,39,27,19,40,30,40,24,155,48,55,36,55,67,55,37,26,73,36,23,40,41,49,24,47,49,66,32,43,100
229,TTG,34,34,32,45,25,28,26,21,33,27,34,39,36,34,42,52,29,26,19,31,25,34,32,22,16,23,55,29,28,15,37,32,33,18,39,34,30,26,42,29,27,35,208,48,27,22,51,43,30,38,43,50,39,18,45,39,25,35,52,47,59,54,355682,107
230,TCT,5,20,10,17,22,15,12,24,9,21,14,14,10,15,11,23,22,27,14,26,22,44,20,39,8,18,13,18,18,18,17,8,14,15,13,15,7,14,19,14,9,16,18,12,3,12,10,13,5,14,14,82,25,49,17,356912,7,16,15,21,12,11,14,30
231,CTG,31,21,10,24,31,28,18,22,19,25,8,23,22,21,83,17,28,28,12,25,22,45,59,28,19,35,56,31,33,29,356231,149,12,32,10,22,22,35,25,23,22,44,73,38,21,33,33,24,25,20,1,24,25,33,14,17,20,35,5,23,14,23,11,21
232,GGT,15,31,14,16,19,13,23,27,21,29,17,25,16,15,21,24,27,22,24,14,24,24,20,16,21,33,31,25,17,19,21,24,21,22,20,30,35,22,25,29,32,52,53,356509,10,18,24,36,20,19,7,22,18,12,18,15,23,22,39,98,13,20,18,23
233,ATA,21,15,11,6,35,10,15,13,18,13,21,8,356836,17,44,16,21,31,10,14,28,22,15,25,16,12,20,12,29,12,17,17,11,10,17,9,19,9,13,21,13,9,26,20,12,14,23,9,14,8,12,5,8,9,9,9,12,13,4,10,10,7,7,10
234,CAT,15,10,4,38,10,12,7,6,13,9,19,13,7,12,13,12,16,18,6,357161,13,11,12,18,10,7,22,18,17,12,18,11,15,7,7,21,12,7,14,19,14,20,3,19,8,10,25,16,8,9,12,44,7,10,11,9,16,11,31,19,15,13,18,17
235,TTA,7,10,8,10,4,6,11,6,10,8,10,9,8,10,7,17,6,1,4,4,3,11,5,4,8,3,14,2,13,7,3,7,13,7,14,9,5,4,6,8,6,7,26,9,9,4,11,13,21,6,10,13,14,4,5,9,9,8,8,6,357506,14,40,38
236,AAC,49,356275,35,73,31,35,33,28,19,19,22,22,27,26,26,27,22,13,26,26,32,33,21,21,20,27,33,27,20,28,23,28,19,28,33,13,26,29,36,20,20,33,68,43,16,25,37,22,27,5,30,35,25,16,27,29,26,16,38,16,26,25,22,28
237,CCT,34,34,37,47,39,69,28,114,38,41,33,48,36,38,58,53,41,40,19,153,3,120,26,355038,46,51,46,44,43,38,42,59,32,38,52,46,32,49,55,39,35,41,73,80,37,33,56,64,30,23,38,40,41,30,31,44,49,33,49,53,39,41,52,51
238,AAC,38,356684,17,19,7,7,11,12,12,9,23,15,7,7,10,10,6,11,14,15,7,9,7,8,17,6,30,19,6,12,12,12,8,15,20,19,11,12,14,14,30,11,92,56,28,5,27,31,22,21,35,36,16,15,9,10,23,21,39,40,29,16,46,42
239,AAA,356542,28,32,26,26,15,33,23,24,18,25,21,43,20,29,27,27,20,24,18,15,7,13,18,23,18,22,31,17,20,28,35,32,25,32,12,19,15,27,16,19,33,42,28,28,34,18,24,37,16,18,33,25,19,13,26,17,25,22,24,24,9,13,11
240,ACA,38,33,28,31,355914,24,47,53,33,30,35,30,42,26,34,31,37,34,32,29,20,28,31,32,35,27,29,34,26,17,30,34,23,16,25,36,43,27,39,43,37,32,4,40,29,27,24,36,55,34,35,42,44,18,25,18,28,33,38,35,22,31,36,32
241,AAA,356425,36,26,26,26,13,22,24,40,20,30,26,40,32,34,27,28,26,20,23,29,22,25,19,16,28,35,27,33,25,22,18,36,24,27,35,22,16,20,24,25,32,8,27,34,21,27,20,31,10,31,30,30,23,20,28,36,25,28,31,35,33,31,31
242,AGA,57,24,40,26,30,16,24,19,356300,14,28,17,76,25,30,28,23,13,24,11,19,9,21,17,30,14,19,11,34,15,27,8,28,12,27,16,25,18,21,22,45,26,44,9,21,24,26,0,25,20,37,21,37,14,25,18,41,15,40,17,36,28,16,13
243,TGG,20,23,21,26,21,16,29,15,22,19,42,28,33,15,25,41,18,13,17,27,17,18,24,24,17,25,36,24,31,18,33,26,19,23,26,28,25,10,29,19,27,26,74,45,32,19,40,36,39,31,28,45,31,28,27,38,42,29,355986,108,38,23,110,52
244,GGT,17,38,20,17,20,24,10,35,17,15,16,37,22,16,18,30,36,20,16,28,28,48,24,36,22,22,22,18,23,26,12,34,18,17,28,88,25,33,27,27,33,42,118,356288,30,29,32,45,23,24,21,37,18,17,17,19,19,17,27,80,19,18,18,32
245,TAT,31,38,15,34,26,32,18,20,15,30,21,22,30,21,28,37,19,43,21,33,20,53,28,39,9,34,38,16,32,30,26,18,26,24,33,26,26,26,22,24,25,24,58,35,21,27,30,27,29,37,30,356297,26,22,30,24,20,36,37,41,12,26,16,29
246,TCC,30,29,35,39,39,52,39,32,22,18,50,43,32,24,41,49,46,50,18,43,31,83,38,34,17,45,58,45,29,19,41,45,35,38,42,34,27,30,55,42,34,52,137,59,34,33,54,50,27,72,34,38,103,355207,51,68,46,56,80,46,33,66,48,46
247,CTA,41,38,58,48,43,29,40,29,37,27,43,58,211,29,16,35,82,38,57,26,91,8,41,34,60,54,66,59,354660,52,66,58,50,45,63,46,41,35,41,34,64,68,87,59,53,40,70,71,48,55,45,47,45,37,35,37,46,42,43,47,80,43,37,59
248,AAC,53,355338,55,98,33,34,21,25,42,57,58,44,42,33,40,45,25,30,31,26,22,30,33,30,27,28,45,43,29,34,31,27,32,55,46,29,28,31,52,34,46,68,122,70,36,47,55,41,37,44,26,32,14,22,16,10,32,53,58,32,24,25,49,50
249,TTC,41,35,39,31,30,30,42,30,34,45,38,44,35,52,47,36,19,28,35,42,2,7,12,20,36,14,43,34,29,36,33,33,44,47,52,54,47,46,51,40,36,66,94,73,44,54,79,50,34,37,51,32,36,58,46,42,50,68,65,66,92,355202,59,50
250,ATG,18,21,19,24,23,24,21,19,17,24,37,26,33,27,356436,140,5,4,5,4,17,25,23,10,1,10,5,5,8,13,19,13,8,31,34,35,19,16,24,30,22,32,46,31,23,21,72,40,14,28,23,37,20,16,19,27,18,26,43,25,17,20,38,26
251,GGC,12,35,13,15,18,26,16,19,11,22,17,13,18,18,19,16,18,30,21,23,37,28,24,27,17,41,12,30,20,28,16,25,5,79,14,22,17,34,19,14,116,356343,19,53,8,54,10,19,19,19,13,16,21,20,19,11,21,69,8,13,17,21,14,14
252,TAC,18,48,22,18,34,36,13,26,21,13,22,22,42,24,30,33,30,110,18,21,22,48,25,21,18,38,20,31,29,33,16,30,20,33,24,21,28,32,13,22,33,20,33,39,42,18,31,29,51,355040,26,80,18,43,30,19,20,31,23,38,42,27,20,19
253,ATA,29,35,17,21,43,16,37,28,30,27,38,23,355227,31,22,26,36,23,32,30,18,22,32,29,42,21,18,35,41,36,20,23,21,31,23,22,26,10,21,30,41,28,29,41,41,38,33,22,34,35,24,24,28,29,22,38,27,18,30,28,35,47,30,31
254,ATT,37,27,43,43,24,16,35,35,34,26,46,49,50,56,54,355496,25,25,32,26,6,17,22,29,19,27,45,25,29,18,19,35,25,23,46,26,16,22,33,29,31,46,90,59,27,34,52,54,59,33,24,46,19,27,34,26,43,41,63,37,23,36,34,64
255,GGA,49,39,36,57,46,28,39,24,66,44,40,37,51,44,40,48,19,28,27,24,35,15,19,27,37,27,36,26,36,31,25,31,40,52,43,25,57,28,55,30,355247,60,143,56,69,45,52,41,34,55,33,59,48,29,25,48,86,37,53,44,42,42,48,50
256,AGT,48,52,40,116,49,47,32,53,49,44,50,354661,49,48,53,84,47,31,36,44,43,22,29,42,29,35,43,42,37,22,22,45,28,33,42,23,27,9,55,23,30,45,122,46,48,32,50,46,54,43,44,82,44,28,39,35,42,46,48,56,49,49,49,92
257,TGG,16,22,35,22,26,27,33,15,25,24,46,21,37,19,22,30,24,32,20,14,21,26,36,11,26,21,41,26,29,23,32,22,22,27,29,11,21,14,22,20,22,11,51,15,11,24,8,24,20,15,31,12,15,15,23,12,37,10,356453,55,18,17,98,17
258,GGA,31,13,15,18,24,14,10,26,61,20,31,25,22,16,21,32,14,18,10,16,15,20,18,13,21,23,23,14,12,25,8,11,69,26,19,33,18,20,19,16,356371,13,54,43,108,30,45,26,22,25,16,28,21,26,13,19,59,16,29,27,31,37,21,53
259,ACT,32,35,23,84,49,56,49,355585,31,29,30,42,35,32,38,65,27,34,29,33,46,50,27,50,25,28,19,20,34,36,30,32,14,18,22,28,32,26,20,28,32,15,30,27,23,20,28,32,23,41,44,47,36,23,33,52,26,32,23,49,41,17,40,54
260,TTG,27,13,42,20,40,11,27,26,32,28,44,30,25,23,34,25,22,26,31,25,31,8,33,27,27,33,36,29,28,18,54,13,16,16,27,10,21,20,47,21,21,27,65,31,27,22,56,36,19,25,39,32,22,0,40,23,35,29,53,42,103,25,356034,98
261,CCA,23,21,26,21,60,35,28,35,28,33,40,30,25,20,33,26,102,36,33,22,355697,10,38,42,37,46,39,37,47,27,43,32,20,18,26,21,48,29,45,28,40,38,60,37,10,22,50,44,20,13,38,20,102,20,39,32,25,39,43,30,11,26,28,36
262,CAG,45,35,128,31,17,16,18,29,25,17,57,26,32,23,30,39,43,26,355114,133,28,35,60,17,29,33,209,58,33,30,58,43,29,23,55,32,31,27,69,40,59,54,178,51,34,46,60,27,39,21,73,42,35,25,30,36,39,34,70,46,47,33,56,54
263,GAT,21,26,16,38,18,13,22,29,17,24,22,26,29,25,32,39,15,12,26,23,15,40,18,24,22,25,21,28,21,16,34,22,35,50,34,355869,20,18,25,27,34,36,72,53,25,33,55,42,36,24,22,134,31,14,34,34,23,23,28,54,29,16,30,32
264,CAT,31,34,32,159,25,17,18,14,28,20,34,21,28,14,28,25,40,37,20,355692,35,17,25,28,31,28,23,37,17,17,10,10,11,26,35,23,31,20,25,28,26,14,30,27,26,13,27,16,31,26,20,37,32,18,22,23,19,27,42,32,34,22,10,29
265,ATT,30,29,13,38,22,14,20,25,26,16,22,19,29,19,22,356002,18,11,23,23,17,12,14,7,10,16,18,20,18,22,10,33,16,21,23,22,21,10,18,16,21,20,24,23,22,22,17,67,33,13,13,22,19,16,14,11,16,17,4,12,8,17,3,10
266,GTA,27,17,27,20,27,21,21,21,24,22,45,45,67,21,35,43,19,16,25,28,19,22,23,23,34,25,26,32,27,29,33,34,30,25,44,24,47,45,44,39,42,41,97,63,355637,43,95,78,27,24,41,37,24,19,36,23,21,25,49,45,56,32,39,57
267,CAA,61,27,29,23,19,27,17,22,29,32,27,26,31,20,24,45,355575,38,33,26,32,22,37,20,43,20,25,36,38,35,23,42,35,14,26,29,6,16,27,22,37,30,64,42,42,17,41,35,39,43,36,57,25,13,26,36,39,27,37,43,46,35,43,50
268,AAG,39,32,355889,144,17,27,22,19,23,19,50,15,33,21,24,35,21,26,30,25,28,34,17,25,16,18,37,20,17,24,23,36,11,19,28,15,13,18,23,36,22,35,107,37,18,11,30,31,28,21,27,34,27,14,22,22,21,11,34,38,35,25,22,62
269,ATC,8,19,12,23,18,34,18,26,26,22,36,23,107,356161,49,29,19,19,14,28,24,29,22,29,16,30,22,38,11,24,19,27,27,29,26,31,20,19,32,37,27,26,34,30,19,39,36,33,25,21,31,31,18,15,21,29,19,22,34,26,20,36,42,40
270,AAA,356311,21,15,12,20,22,12,20,18,32,36,19,19,16,22,20,3,2,5,2,5,4,8,13,0,10,7,8,4,11,15,9,30,13,16,18,18,12,29,18,18,24,43,25,22,19,38,27,25,13,20,24,11,12,17,17,21,14,27,22,28,21,40,18
271,CAC,22,43,4,19,9,10,6,15,9,11,14,18,14,30,12,24,36,356709,17,19,13,13,12,14,15,17,12,17,20,20,13,11,12,11,17,10,10,9,22,12,4,19,44,19,18,11,17,12,14,29,19,19,20,9,11,19,25,12,14,14,14,21,14,30
272,TGT,18,7,13,18,20,9,14,10,17,16,13,19,20,12,25,25,14,8,8,18,11,12,10,15,23,22,27,23,18,15,5,24,17,18,15,14,13,13,23,14,22,16,35,36,14,24,22,32,13,10,14,38,13,17,22,11,18,31,26,356802,19,13,20,69
273,TTT,14,10,22,9,19,20,21,22,22,15,12,24,18,20,22,38,16,14,19,9,13,11,13,13,11,12,14,15,14,17,19,19,12,8,16,17,9,9,23,26,17,21,19,27,19,14,21,23,9,14,17,26,17,10,19,17,19,18,20,12,27,25,29,356980
274,AGA,31,18,14,22,16,19,35,23,356750,30,34,25,52,7,28,20,21,13,8,18,15,27,17,17,26,7,15,18,21,14,26,24,21,18,26,9,22,19,24,11,49,25,27,22,25,21,12,8,20,10,11,22,16,12,15,24,25,30,24,31,31,20,31,34
275,AAA,356731,21,32,27,31,22,14,20,28,15,23,20,36,25,18,24,36,23,17,30,32,18,22,29,20,15,20,19,28,28,14,31,21,17,18,22,24,22,16,17,19,9,18,12,17,15,10,17,29,15,23,26,19,33,11,16,34,17,30,19,24,20,19,23
276,CTT,23,7,12,24,13,5,16,26,18,11,0,16,21,12,16,68,32,14,20,37,19,19,13,27,20,21,10,23,38,37,16,356883,17,12,17,18,18,15,8,21,20,11,14,27,21,19,17,27,22,19,10,31,17,9,9,13,13,27,7,26,25,20,15,45
277,CCT,19,15,20,25,28,11,20,49,19,18,27,5,19,28,26,25,26,17,20,73,22,54,39,356592,15,25,23,15,12,22,23,35,22,22,11,19,14,19,15,29,34,25,30,23,25,25,27,27,11,18,18,28,16,19,24,28,19,16,21,15,21,14,33,18
278,GTT,5,6,10,10,4,10,8,9,10,11,22,14,3,1,18,48,3,4,10,8,0,7,14,19,8,9,14,18,6,11,19,26,4,13,25,10,5,5,22,23,16,15,47,33,15,24,27,357193,2,7,12,17,10,5,11,8,6,8,28,23,6,7,21,48
279,AAC,59,356835,24,53,24,20,21,17,18,20,19,17,22,17,20,16,8,19,12,21,10,20,14,18,10,24,19,15,9,28,18,21,10,16,19,21,24,22,19,23,17,27,44,28,25,18,23,36,13,16,20,23,19,3,14,10,13,15,18,21,26,9,15,25
280,AGG,17,15,25,19,15,23,20,12,67,16,356691,50,14,18,77,18,14,11,10,17,12,16,21,21,12,11,42,14,18,12,26,10,21,16,25,14,11,16,23,22,21,20,172,33,14,11,26,19,12,7,22,11,15,11,12,7,16,11,39,24,9,16,13,2
281,CCT,13,7,1,15,14,19,6,89,14,11,8,20,19,14,11,14,31,21,8,79,31,97,28,356613,23,15,17,28,17,21,22,27,10,9,15,24,20,18,25,23,14,16,26,26,23,14,29,16,20,15,15,28,24,22,16,33,16,16,34,25,18,18,21,44
282,ATT,23,20,24,18,16,15,20,19,24,27,26,42,16,30,35,356431,24,27,21,20,17,19,8,21,19,18,19,12,16,28,25,28,15,9,25,17,14,29,18,29,23,17,26,49,20,26,27,50,27,19,23,23,17,27,16,21,13,18,29,34,42,15,30,46
283,GAT,23,1,30,56,20,12,20,12,25,11,17,22,11,14,27,24,24,7,12,27,7,13,23,8,10,11,17,27,13,11,11,3,19,15,30,356806,22,13,20,22,18,22,20,23,22,23,26,36,22,16,12,105,14,12,23,12,13,11,18,33,20,14,19,39
284,TGG,33,8,20,10,17,16,18,17,19,10,25,32,15,20,18,39,15,13,21,14,12,23,13,20,24,19,30,20,16,14,21,23,10,11,13,16,12,14,17,21,22,22,47,33,21,14,37,24,21,26,50,23,18,11,28,19,31,14,356656,54,25,19,70,40
285,AAA,356342,25,38,25,24,38,25,6,25,20,31,30,39,36,21,50,28,30,31,6,7,5,6,0,14,18,19,18,31,27,18,14,43,26,29,37,19,17,29,15,28,20,36,40,29,18,42,35,38,33,23,38,19,28,27,8,28,22,43,38,47,41,58,50
286,GTA,45,37,24,49,40,40,29,34,23,30,43,40,87,22,31,49,27,33,33,41,40,41,40,43,34,47,57,30,42,28,40,24,27,36,43,33,39,36,50,29,56,51,131,62,355463,44,73,54,40,38,36,43,32,41,23,25,31,29,54,49,75,29,33,43
287,TGT,23,29,16,15,14,17,34,19,16,35,23,29,26,22,24,23,16,17,19,17,7,23,20,31,14,35,20,35,29,24,35,30,27,6,19,25,16,17,32,25,22,36,35,49,33,22,31,35,28,26,20,28,32,20,22,21,33,68,42,356442,21,28,24,63
288,CAA,130,23,26,26,24,30,14,30,23,21,21,20,20,20,22,11,356483,32,41,23,24,13,22,23,36,24,33,36,26,17,30,21,20,16,16,24,23,24,28,21,20,23,49,31,25,17,29,27,18,22,23,27,22,20,31,20,25,22,35,35,12,21,22,15
289,AGA,66,36,11,29,33,32,12,24,356027,32,14,37,108,32,17,31,30,35,23,18,36,72,23,18,35,29,25,17,39,45,23,17,33,32,22,41,28,32,47,41,66,35,60,51,48,36,58,40,38,29,19,27,16,29,17,21,31,18,26,24,45,25,32,28
290,ATT,64,29,36,78,21,13,14,33,33,26,27,43,82,41,46,356339,15,11,15,13,3,9,6,4,10,8,7,9,6,6,10,22,40,8,28,40,20,9,7,9,26,23,33,22,37,27,29,32,41,25,39,60,17,30,19,16,31,23,35,41,33,22,36,49
291,GTG,34,11,28,22,24,27,20,32,18,20,24,15,28,17,46,25,15,17,15,21,21,27,27,19,14,17,25,23,19,22,35,21,15,19,34,20,35,35,33,23,19,18,45,28,46,30,356345,143,30,24,23,29,22,24,30,40,23,16,30,22,42,16,64,52
292,GGT,14,16,18,22,8,14,8,10,18,11,17,46,20,19,28,14,21,18,12,22,17,19,13,16,25,14,30,29,24,14,9,18,22,24,27,67,13,12,15,18,35,26,79,356573,32,16,38,54,25,22,24,39,21,15,22,26,19,15,37,84,22,18,27,38
293,CTT,21,13,21,36,27,26,21,26,24,15,40,25,26,13,28,68,25,31,17,33,29,96,27,121,21,30,36,32,31,27,31,356178,16,15,28,29,20,15,25,16,23,22,57,38,18,28,36,37,31,21,19,22,12,22,22,14,21,25,29,19,22,11,36,52
294,TTG,41,46,57,39,47,77,39,44,29,40,35,32,48,34,50,38,14,7,24,29,20,34,19,17,11,7,32,10,18,20,60,28,26,21,33,19,12,35,37,22,26,37,59,30,21,23,51,35,31,35,40,50,35,48,67,46,33,36,397,46,61,42,355409,131
295,GGC,39,40,30,31,24,25,23,36,25,23,27,29,31,39,23,28,20,32,17,30,35,52,18,15,31,22,26,23,25,32,22,21,22,93,12,17,22,35,31,31,67,355911,71,70,29,47,30,45,32,32,38,43,33,33,19,38,31,82,25,17,29,31,35,41
296,TTT,31,28,35,33,27,29,36,20,20,14,38,29,43,17,29,41,29,30,25,38,29,39,31,19,21,21,51,19,27,21,28,45,41,37,46,36,18,34,46,27,31,41,93,27,23,19,41,30,47,32,48,29,36,21,23,31,31,23,41,34,64,88,44,355749
297,GCT,23,25,22,31,21,30,23,89,15,28,43,18,18,17,34,35,22,24,29,25,17,54,32,28,19,29,38,30,20,25,22,25,20,33,33,159,38,55,57,355824,37,50,87,52,35,26,23,178,25,19,23,33,21,27,40,49,25,18,43,21,32,42,25,36
298,GCT,17,18,12,25,15,14,28,181,4,4,22,19,15,11,15,23,10,17,14,24,25,34,10,28,15,6,24,27,13,26,16,19,18,19,26,64,33,116,42,356168,27,18,108,55,28,16,38,106,22,11,14,23,23,23,15,49,13,11,34,43,21,18,27,16
299,CCA,27,30,34,26,95,36,31,22,18,33,31,28,34,31,26,36,91,19,26,29,355759,49,44,40,32,28,40,40,56,27,29,32,38,25,29,24,36,37,39,25,22,33,41,50,19,28,39,34,29,34,33,27,37,29,41,36,27,28,41,45,48,27,47,51
300,TTT,34,16,13,28,13,7,13,19,11,13,32,21,13,15,13,33,5,1,0,2,8,5,2,3,3,3,1,0,5,5,6,13,24,10,20,11,6,9,7,21,28,15,41,27,29,17,33,57,9,11,8,5,18,6,12,10,26,20,36,18,53,51,41,356587
301,ACA,53,18,18,22,356286,40,41,28,38,13,35,18,74,21,22,30,32,14,7,29,17,39,4,15,12,10,17,15,22,19,11,22,23,13,23,18,27,18,32,19,26,33,65,37,21,20,31,18,37,23,22,26,27,22,22,26,25,11,22,25,34,20,23,23
302,CAA,97,28,27,37,37,45,29,40,27,34,32,25,28,30,26,38,354913,33,44,43,39,65,33,41,55,30,22,31,28,27,35,34,35,23,34,20,19,24,30,26,5,26,24,27,25,33,31,34,64,28,32,34,45,26,30,28,36,21,31,33,57,37,53,46
303,TGT,36,21,29,7,29,29,20,13,26,26,38,18,31,27,34,32,29,35,27,18,16,30,26,23,14,28,38,23,19,15,36,20,23,30,50,16,10,25,23,25,28,3,52,9,43,23,36,32,16,28,32,48,30,31,35,40,54,35,50,356124,25,42,28,57
304,GGA,12,41,24,22,22,33,25,18,41,33,34,26,22,21,30,19,33,24,16,15,21,38,19,13,27,23,38,27,21,29,20,22,47,34,60,23,28,30,34,29,355702,51,159,62,70,32,58,41,30,36,29,10,29,36,23,14,136,25,43,35,37,28,32,30
305,TAT,32,20,16,19,21,23,25,25,21,12,16,23,30,18,37,35,16,21,23,37,24,37,19,28,19,19,26,22,27,18,25,30,19,20,20,18,22,17,17,27,27,12,49,55,27,24,41,29,33,23,33,356143,23,25,21,31,16,19,29,35,45,19,32,53
306,CCT,18,29,16,41,26,17,36,85,23,15,33,32,49,13,28,39,31,32,19,112,44,84,30,355713,24,17,31,24,26,15,24,40,29,13,13,20,20,16,20,24,22,11,31,24,35,11,26,34,23,24,26,22,25,23,19,43,23,14,15,24,21,16,20,34
307,GCC,40,28,27,30,20,66,30,28,19,23,21,31,26,26,33,37,18,21,22,24,16,32,23,33,18,17,14,18,35,19,25,34,32,74,32,23,70,355922,43,38,21,35,32,35,31,64,26,52,33,25,30,48,23,56,23,35,30,32,20,41,32,31,41,56
308,TTA,34,28,22,45,20,20,15,23,28,13,23,47,47,34,33,71,26,22,18,33,16,23,19,25,24,12,23,34,53,27,26,47,30,18,19,45,24,15,21,38,26,18,30,43,40,23,31,47,64,16,30,62,54,12,22,41,39,18,31,57,355379,55,62,83
309,ATG,42,19,55,32,22,30,29,20,32,22,59,35,68,22,355526,54,15,14,15,11,22,13,21,22,22,15,42,27,20,11,17,25,35,13,30,36,19,25,35,33,43,37,75,47,35,21,57,43,17,22,41,18,11,22,23,14,26,30,46,33,36,28,64,33
310,CCT,11,0,4,7,3,2,6,44,2,0,3,4,7,0,4,7,6,0,5,70,37,104,25,357076,5,3,2,2,4,2,4,23,3,0,1,8,4,3,5,2,4,0,5,0,2,1,1,5,6,3,2,2,5,0,2,53,2,0,2,7,4,0,0,10
311,TTG,35,9,22,31,10,12,20,14,27,14,41,21,32,15,13,29,23,21,20,19,22,17,24,18,20,25,19,25,28,16,28,28,9,18,33,19,3,18,19,10,0,21,60,32,0,16,7,14,26,23,31,32,36,15,22,19,13,9,10,10,47,27,356362,86
312,TAT,19,17,9,36,13,14,15,17,31,13,22,29,17,26,21,7,18,17,12,42,15,20,18,22,11,17,31,19,4,18,14,1,18,13,29,29,16,20,28,15,35,27,41,41,21,19,29,38,25,32,23,356579,15,25,25,23,23,21,25,45,5,22,24,26
313,GCA,21,17,12,18,65,0,3,7,9,0,7,5,24,7,3,14,15,8,8,8,12,3,11,15,16,7,9,10,14,8,9,7,65,12,21,6,357033,3,10,8,15,4,16,9,76,9,12,18,25,7,13,23,48,5,13,12,27,7,10,29,27,10,20,25
314,TGT,34,6,12,16,10,9,19,14,18,7,14,37,18,2,15,47,7,4,7,19,15,2,7,5,9,3,17,19,12,4,6,12,19,5,17,23,26,6,4,4,28,7,22,44,19,12,14,27,40,8,13,67,15,5,15,15,27,45,15,356942,14,10,10,46
315,ATA,29,23,21,35,29,21,24,32,17,7,18,17,356710,27,34,46,19,19,13,24,11,17,20,16,24,8,18,13,33,21,26,27,14,14,18,43,23,15,14,12,26,14,29,25,31,18,15,33,19,17,7,35,28,16,9,23,25,11,8,18,12,4,9,12
316,CAA,53,21,7,25,15,22,23,18,14,13,27,21,27,22,27,35,356573,35,37,20,24,47,27,16,67,20,22,21,24,30,19,20,23,10,9,10,9,17,17,15,15,14,29,13,21,20,12,15,41,19,30,42,26,30,23,17,21,11,32,25,25,23,31,28
317,GCT,3,2,4,6,3,1,3,25,3,3,8,6,6,5,5,10,5,3,10,11,7,2,8,10,6,2,7,8,13,3,6,13,11,9,3,81,10,20,9,357357,17,12,4,24,26,14,0,31,23,4,9,14,12,2,7,37,20,5,16,8,19,8,13,24
318,AAA,356504,31,26,36,25,24,11,19,24,12,22,12,13,7,13,30,25,18,5,17,13,8,19,31,20,11,23,19,22,27,20,27,33,27,31,27,25,21,13,22,17,18,51,27,29,29,29,21,38,33,17,40,26,21,19,28,30,23,25,33,32,22,26,44
319,CAG,48,37,67,57,35,38,32,25,16,17,28,24,31,20,42,42,48,52,355890,76,33,50,35,47,37,29,77,29,42,35,48,36,23,23,30,28,33,18,18,33,16,24,19,22,26,27,12,17,36,24,46,42,36,47,26,35,24,19,29,29,42,46,45,32
320,GCT,28,30,36,43,42,23,38,105,27,27,27,32,48,21,24,34,31,48,31,25,16,40,20,37,31,16,31,24,23,21,24,37,34,35,30,64,39,41,47,355800,34,52,64,49,34,25,36,60,36,28,27,49,44,25,27,57,36,25,28,32,35,24,31,40
321,TTC,58,43,36,49,31,26,23,30,14,34,30,39,53,49,39,44,29,40,31,23,30,47,28,28,30,22,26,26,35,37,32,26,38,34,21,33,39,27,23,28,31,42,56,42,48,45,48,52,50,43,34,45,30,70,20,32,49,35,55,61,101,355547,51,111
322,ACT,51,32,25,85,53,47,38,355766,20,19,40,56,46,23,29,79,22,36,27,35,36,56,22,47,15,18,35,21,30,12,19,32,32,24,38,31,18,20,30,40,26,38,58,50,37,36,40,46,45,31,41,49,34,29,27,33,28,13,32,22,52,29,34,38
323,TTC,36,36,17,31,20,22,17,20,28,20,21,34,24,34,35,30,21,18,12,21,20,23,11,16,9,16,28,12,31,34,26,32,23,24,24,29,20,21,25,21,24,33,50,37,36,34,44,21,38,41,35,45,27,35,32,24,34,44,44,20,96,355818,49,125
324,TCG,38,24,30,34,31,18,52,30,35,19,35,35,34,26,59,43,34,24,30,34,18,33,45,20,25,30,55,30,27,22,37,37,33,19,60,36,29,33,49,46,37,29,70,52,37,40,50,45,53,20,137,52,280,25,355227,89,39,30,56,60,41,39,62,45
325,CCA,33,19,25,30,66,13,40,34,31,22,27,39,52,18,30,31,77,22,32,36,356016,38,34,28,17,34,55,21,38,27,34,34,33,31,27,36,30,15,31,44,30,35,57,54,17,15,37,31,44,27,28,26,43,20,20,30,30,29,30,37,37,23,40,36
326,ACT,20,16,23,61,30,36,36,355998,20,18,28,31,30,29,28,74,25,16,20,24,38,25,30,17,16,16,18,23,24,34,31,29,12,22,19,34,16,14,32,23,39,12,46,33,24,18,38,37,18,30,23,32,25,22,27,18,32,14,36,36,25,20,38,38
327,TAC,28,35,10,34,23,23,22,17,2,29,18,20,31,30,28,42,13,87,2,12,16,18,19,21,8,30,17,23,17,29,21,32,18,40,9,23,20,18,18,16,32,29,37,36,31,30,36,36,67,356349,4,23,24,35,5,44,24,52,5,37,32,39,5,37
328,AAG,30,42,356559,75,16,14,29,9,14,28,96,21,17,10,39,32,22,23,37,24,17,18,41,20,14,23,32,18,10,9,22,14,9,17,48,13,14,19,27,7,16,23,57,32,11,10,15,10,11,10,26,21,21,15,17,16,5,9,18,13,7,16,8,6
329,GCC,11,8,12,16,20,39,10,23,27,27,21,34,22,20,22,26,14,20,16,19,14,35,15,23,16,15,22,14,19,15,8,14,11,53,22,29,63,356607,29,42,33,41,57,30,24,37,41,30,24,7,20,22,24,47,14,18,20,14,22,21,23,9,21,25
330,TTT,34,18,26,47,22,17,16,32,32,11,40,41,42,18,41,63,28,12,30,23,11,14,29,21,26,21,27,23,27,11,15,51,27,20,34,39,27,17,34,27,38,26,63,56,23,26,39,61,36,23,25,53,25,24,32,26,44,24,49,56,55,32,51,355768
331,CTA,36,24,20,41,19,12,25,18,19,8,19,33,73,34,24,25,27,16,23,37,49,17,22,23,14,14,17,27,356020,42,35,52,20,20,18,29,13,14,24,23,20,21,10,33,9,28,30,38,35,31,28,55,18,25,16,34,23,19,23,54,56,33,47,86
332,AGT,27,30,24,38,24,19,18,20,18,11,23,356406,32,36,23,50,18,16,18,21,18,19,11,24,14,13,13,42,15,17,18,32,22,9,19,26,18,13,24,19,24,25,51,46,27,25,57,44,26,24,33,49,22,19,25,22,21,22,32,41,26,21,48,51
333,AAA,356213,35,39,23,43,35,18,38,36,18,19,35,56,20,32,39,25,17,18,24,26,14,20,18,13,14,25,40,29,24,25,27,32,17,28,31,26,28,22,15,35,17,50,35,30,38,27,21,56,24,32,38,30,17,27,34,20,20,38,29,51,25,26,33
334,CAG,45,21,89,27,37,24,24,28,18,16,8,38,36,31,47,55,52,30,355909,56,25,24,35,30,20,20,55,22,24,31,37,43,24,20,28,27,35,9,25,21,6,13,1,2,37,16,39,36,38,35,86,36,16,24,36,27,30,29,27,29,48,32,57,72
335,TAC,14,16,12,22,12,13,10,24,11,18,15,22,18,14,13,30,12,38,14,19,19,11,8,10,4,7,7,13,14,17,8,16,18,18,13,18,15,12,11,14,12,16,10,14,14,16,15,12,80,356980,23,39,23,14,13,21,16,33,18,34,19,22,21,36
336,ATG,11,12,18,7,14,8,34,11,18,7,18,17,37,7,356898,105,6,5,10,13,5,9,8,8,5,9,16,11,10,5,10,12,13,6,14,14,9,8,14,7,16,10,12,22,16,13,41,14,13,12,22,13,8,5,6,6,15,7,8,23,11,10,15,19
337,AAC,92,356966,18,53,9,10,5,5,16,16,16,22,14,13,14,18,13,14,8,18,12,15,8,2,7,13,7,7,5,10,15,7,21,16,16,10,4,4,8,10,17,18,8,13,10,10,15,14,25,17,14,18,17,13,3,5,16,15,13,14,16,18,23,19
338,CTT,27,15,12,25,4,5,10,18,13,10,9,33,9,9,7,83,15,10,14,23,7,5,9,30,11,24,33,27,14,33,20,356689,12,8,16,22,11,7,15,22,11,8,16,21,19,14,25,26,18,16,22,19,13,8,13,15,10,15,30,8,25,18,25,47
339,TAC,17,13,5,14,14,10,4,10,1,11,3,4,7,6,4,15,6,21,3,5,3,8,6,3,5,6,8,9,17,10,7,8,8,8,9,5,8,8,9,8,9,8,14,4,11,6,17,10,42,357219,22,99,8,19,12,9,14,30,19,16,26,14,7,24
340,CCC,4,3,4,4,7,78,10,10,9,2,7,8,5,3,14,14,6,71,9,15,153,357200,14,38,6,13,17,8,10,23,13,6,3,3,6,6,6,8,5,3,8,5,15,6,4,5,16,7,11,4,9,11,3,47,13,10,4,8,9,10,9,7,9,13
341,GTT,6,1,4,6,5,2,6,9,5,2,11,12,9,11,4,72,1,7,3,7,1,1,1,2,7,3,4,5,1,7,7,7,10,8,7,16,6,1,9,12,17,9,39,18,15,13,10,357149,9,6,11,18,3,6,1,10,12,3,7,9,6,7,4,31
342,GCT,1,1,1,1,0,3,0,118,1,4,1,3,0,1,1,1,0,3,0,5,2,1,0,6,0,0,1,0,1,4,4,4,0,0,1,31,0,48,1,357709,1,0,0,3,0,1,0,51,2,0,0,3,0,3,1,26,1,2,0,1,2,0,2,8
343,CGG,0,0,0,1,0,1,0,0,0,0,76,1,0,0,0,1,1,2,63,5,1,0,0,0,95,4,357611,15,0,1,89,1,0,0,16,0,0,0,0,0,1,0,3,1,0,0,0,0,1,0,0,0,0,0,1,1,0,0,60,2,0,4,0,1
344,CAA,48,26,18,15,10,12,9,8,15,12,17,22,21,14,4,13,357150,12,7,15,8,13,3,6,14,5,6,7,11,6,7,9,31,8,11,10,7,6,3,2,16,8,14,9,13,9,12,11,107,19,21,20,17,6,13,8,13,10,17,11,23,10,19,22