,site,abs_logmfactor,norm_abs_logmfactor,group
0,1.0,281.07404657585005,1.0,Remaining
1,2.0,50.9339175327933,0.16348839987078886,Remaining
2,3.0,72.89112562082605,0.24329829373181983,Remaining
3,4.0,68.5520124483559,0.227526517996152,Remaining
4,5.0,97.92184535512953,0.3342797644748499,Remaining
5,6.0,34.599440644062625,0.10411596683930596,Remaining
6,7.0,35.60887199744393,0.1077850402866386,Remaining
7,8.0,184.42156750587935,0.6486883002131717,Remaining
8,9.0,55.323852235262436,0.17944490131925278,Remaining
9,10.0,89.86044642753016,0.3049782526340165,Remaining
10,11.0,146.62616652257992,0.5113098626259142,Remaining
11,12.0,168.00688127729092,0.5890243228799248,Remaining
12,13.0,102.95258671869674,0.35256546512763126,Remaining
13,14.0,175.34978672767843,0.6157142600648997,Remaining
14,15.0,101.7256149214529,0.3481056773205521,Remaining
15,16.0,36.59017865755762,0.11135188631163402,Remaining
16,17.0,35.76898708627656,0.10836702540032192,Remaining
17,18.0,37.35204169920862,0.11412110033224296,Remaining
18,19.0,36.93846529183989,0.11261783593527645,Remaining
19,20.0,57.515600260918575,0.18741145046322516,Remaining
20,21.0,57.5822561152443,0.18765373065830385,Remaining
21,22.0,37.27954073912084,0.11385757439095619,Remaining
22,23.0,137.22046827203343,0.4771221017751103,Remaining
23,24.0,110.66640408701306,0.38060359014609585,Remaining
24,25.0,56.14129629770305,0.18241614081378,Remaining
25,26.0,37.735746191005695,0.11551578651645852,Remaining
26,27.0,244.83225701822005,0.868268617470327,Remaining
27,28.0,82.87902374066385,0.2796022302634185,Remaining
28,29.0,71.05663237446446,0.23663029155714013,Remaining
29,30.0,224.76898898593228,0.7953428025970316,Remaining
30,31.0,173.3786408851499,0.6085495540673937,Remaining
31,32.0,130.60531868937824,0.4530774061129918,Remaining
32,33.0,43.17973701279636,0.13530356317392642,Remaining
33,34.0,77.28890692367546,0.2592833159439896,Remaining
34,35.0,150.4956685952366,0.525374699488397,Remaining
35,36.0,214.39080050177256,0.7576202416015835,Remaining
36,37.0,69.7444939548251,0.2318609407552286,Remaining
37,38.0,76.7586880661258,0.2573560804514582,Remaining
38,39.0,202.95492542585555,0.7160532093833849,Remaining
39,40.0,116.4987053591003,0.40180279469089103,Remaining
40,41.0,70.14963192119534,0.23333353317068714,Remaining
41,42.0,91.98537398596544,0.31270192324920415,Remaining
42,43.0,212.6696013826524,0.7513640400635769,Remaining
43,44.0,75.45287234348217,0.25260971134075805,Remaining
44,45.0,184.6408808941773,0.6494854588579405,Remaining
45,46.0,106.91444678234298,0.3669660041171123,Remaining
46,47.0,70.73139577570115,0.23544812402823787,Remaining
47,48.0,107.15268404310828,0.36783194711037404,Remaining
48,49.0,68.4351021995633,0.22710157350821916,Remaining
49,50.0,59.68364118098619,0.19529182919913898,Remaining
50,51.0,49.68057657682267,0.15893276564504147,Remaining
51,52.0,61.77818351488042,0.2029050558300167,Remaining
52,53.0,59.990726625958956,0.19640802105154948,Remaining
53,54.0,37.48642816908971,0.11460956725638777,Remaining
54,55.0,51.85863548919489,0.16684955770360202,Remaining
55,56.0,58.12238514732894,0.18961698757826861,Remaining
56,57.0,54.01918174756037,0.174702694899855,Remaining
57,58.0,56.10285145012572,0.18227640177262555,Remaining
58,59.0,38.704265756220984,0.11903615410564639,Remaining
59,60.0,35.838931513212096,0.10862125887424606,Remaining
60,61.0,63.98718554009617,0.21093431968106885,Remaining
61,62.0,39.54092091186985,0.12207722193644284,Remaining
62,63.0,67.81744236534684,0.22485650821515463,Remaining
63,64.0,49.35216786484036,0.15773906814300653,Remaining
64,65.0,269.6017852308229,0.9583007112460872,Active sites
65,66.0,36.41257677540396,0.11070634033386792,Remaining
66,67.0,35.81013185141108,0.10851657808138945,Remaining
67,68.0,39.16048387146924,0.12069441225984621,Remaining
68,69.0,47.21841577227863,0.14998332217793006,Remaining
69,70.0,61.95180572821919,0.20353613653767902,Remaining
70,71.0,43.04217681716163,0.13480356041542024,Remaining
71,72.0,98.20795696608508,0.3353197207940331,Remaining
72,73.0,138.08300542192572,0.48025724528279606,Remaining
73,74.0,52.99776105504572,0.17099004269333495,Remaining
74,75.0,60.79051203334105,0.19931507500025053,Remaining
75,76.0,146.66321018354785,0.5114445086445801,Remaining
76,77.0,42.99842300081764,0.13464452437475294,Remaining
77,78.0,47.39058341722131,0.15060911583138947,Remaining
78,79.0,104.93011541103695,0.35975337145934905,Remaining
79,80.0,40.497530714874216,0.12555430001203896,Remaining
80,81.0,132.6218662679774,0.4604071379973216,Remaining
81,82.0,68.4675848073755,0.22721964104537723,Remaining
82,83.0,46.17169510251532,0.1461787098054906,Remaining
83,84.0,103.57311209189699,0.35482094606011744,Remaining
84,85.0,121.23460251689566,0.4190167978549095,Remaining
85,86.0,218.51322316793127,0.7726043923240862,Remaining
86,87.0,49.603029433219675,0.1586508978740859,Remaining
87,88.0,180.95036279467888,0.6360711915871523,Remaining
88,89.0,137.41281260504752,0.4778212335017432,Remaining
89,90.0,175.54603262669536,0.6164275731741259,Remaining
90,91.0,71.49233786950995,0.2382139905945966,Remaining
91,92.0,48.938627188326635,0.1562359336202815,Remaining
92,93.0,97.06083928991258,0.3311501861421601,Remaining
93,94.0,167.75850238974922,0.5881215171783737,Remaining
94,95.0,68.59982498982858,0.22770030666021446,Remaining
95,96.0,65.23904361487067,0.21548456394146193,Remaining
96,97.0,150.72065630414266,0.5261924831107881,Remaining
97,98.0,101.70054055051932,0.3480145371867601,Remaining
98,99.0,196.3530039955269,0.6920565953092774,Remaining
99,100.0,68.36736385429268,0.22685535868324253,Remaining
100,101.0,202.68741525545346,0.7150808654396131,Remaining
101,102.0,126.4534310668774,0.43798615639006727,Remaining
102,103.0,65.21695020343127,0.21540425897668966,Remaining
103,104.0,184.14823698611107,0.6476948005075522,Remaining
104,105.0,242.83396951655925,0.8610052571755227,Remaining
105,106.0,92.42178846881214,0.3142881993101572,Remaining
106,107.0,258.61927011715954,0.9183815483892046,Remaining
107,108.0,248.11679617106367,0.8802072355368801,Remaining
108,109.0,208.58581165220278,0.7365203120435473,Remaining
109,110.0,112.94346972394517,0.38888025109814106,Remaining
110,111.0,126.29738713747093,0.4374189690958695,Remaining
111,112.0,161.08583759698692,0.563867765665637,Remaining
112,113.0,162.64896923342963,0.5695494247133237,Remaining
113,114.0,231.61622307130827,0.8202310772540148,Remaining
114,115.0,198.11199559228575,0.6984501646591204,Remaining
115,116.0,181.3849579889593,0.6376508549117867,Remaining
116,117.0,199.8325481607017,0.7047040161195182,Remaining
117,118.0,255.88384044732803,0.9084388293177142,Remaining
118,119.0,77.74502659676122,0.2609412162813619,Remaining
119,120.0,37.065985094947756,0.11308134395097746,Remaining
120,121.0,41.21975870541017,0.128179448848678,Remaining
121,122.0,80.48408436241688,0.2708971227281089,Remaining
122,123.0,76.83052705455914,0.25761720026318297,Remaining
123,124.0,257.306584320237,0.9136102079844848,Remaining
124,125.0,125.16656060183388,0.4333086493583789,Remaining
125,126.0,124.32238076928552,0.4302402308889092,Remaining
126,127.0,112.5764895974435,0.3875463545103882,Remaining
127,128.0,65.55689520389316,0.21663988849282287,Remaining
128,129.0,92.21792310710485,0.31354719103558215,Remaining
129,130.0,230.01067863736964,0.8143952564908254,Remaining
130,131.0,216.4544714458024,0.7651212571381117,Remaining
131,132.0,107.3432508261127,0.3685246178116782,Remaining
132,133.0,59.75467037696243,0.19555000558336644,Remaining
133,134.0,66.0533020593221,0.21844422437581998,Remaining
134,135.0,219.63920976519915,0.7766971198902046,Remaining
135,136.0,109.34194053963118,0.37578944006310033,Remaining
136,137.0,99.05300637691715,0.3383913000000704,Remaining
137,138.0,67.87973167525668,0.22508291692762164,Remaining
138,139.0,74.94772208517003,0.25077359500310137,Remaining
139,140.0,90.4996451925965,0.3073016074700009,Remaining
140,141.0,52.14104006802158,0.1678760397304455,Remaining
141,142.0,192.86593188493532,0.6793818119799816,Remaining
142,143.0,154.25014749081785,0.5390214509769496,Remaining
143,144.0,171.94464324497287,0.6033372702924873,Remaining
144,145.0,47.12262134532045,0.14963512931946835,Remaining
145,146.0,138.32163603934075,0.4811246180458326,Remaining
146,147.0,94.90421921697109,0.32331131981498623,Remaining
147,148.0,62.430122368408036,0.20527471824316654,Remaining
148,149.0,108.2095459050105,0.371673420611286,Remaining
149,150.0,144.4930000067785,0.5035562451108164,Remaining
150,151.0,61.31142414081488,0.20120848238800812,Remaining
151,152.0,49.38381781288904,0.1578541091347549,Remaining
152,153.0,130.19722139238155,0.45159405714495837,Remaining
153,154.0,110.27425736769078,0.37917821821713366,Remaining
154,155.0,54.30512655158723,0.17574204491047565,Remaining
155,156.0,65.96514366794992,0.21812378692174275,Remaining
156,157.0,171.60467749445544,0.6021015653542092,Remaining
157,158.0,105.83485115196387,0.36304189808651227,Remaining
158,159.0,118.44886887367429,0.4088912342814706,Remaining
159,160.0,139.94594617393142,0.487028648235797,Remaining
160,161.0,107.30662371195959,0.36839148585422377,Remaining
161,162.0,225.10777638056499,0.7965742244562536,Remaining
162,163.0,60.189869324898176,0.1971318634272202,Remaining
163,164.0,115.22926723973298,0.3971886506173979,Remaining
164,165.0,92.44601162691549,0.31437624546199294,Remaining
165,166.0,180.32783576735864,0.6338084350574125,Remaining
166,167.0,83.57317193447963,0.28212531486735126,Remaining
167,168.0,187.49544829361074,0.6598612188477596,Remaining
168,169.0,82.06704161210646,0.2766508437648527,Remaining
169,170.0,164.2908954126206,0.5755174855689432,Remaining
170,171.0,37.553951473816994,0.11485500045362414,Remaining
171,172.0,66.95223915992229,0.2217116741489879,Remaining
172,173.0,29.14622096208291,0.08429464519063548,Remaining
173,174.0,37.58429363225215,0.11496528790157814,Remaining
174,175.0,226.17603493876337,0.8004571225826516,Remaining
175,176.0,63.51246908483215,0.20920882390051213,Remaining
176,177.0,180.28974209776737,0.6336699724753453,Remaining
177,178.0,237.1229001348351,0.8402467053887493,Remaining
178,179.0,40.869287077726206,0.12690555722754765,Spacer
179,180.0,28.426153941099315,0.08167735102977851,Spacer
180,181.0,24.130247462017344,0.06606262265639698,Spacer
181,182.0,22.239904090616378,0.05919161686970765,Spacer
182,183.0,32.95505512474462,0.09813896679279664,Spacer
183,184.0,24.497461040789545,0.06739736779469677,Spacer
184,185.0,24.004166407496115,0.06560434419317512,Spacer
185,186.0,25.19642370047538,0.06993795198275454,Spacer
186,187.0,22.063865033296988,0.05855175143582702,Spacer
187,188.0,27.16932979258863,0.07710905612213548,Spacer
188,189.0,26.400082710558053,0.0743130026474121,Spacer
189,190.0,25.384404541825763,0.0706212233228963,Spacer
190,191.0,19.02496290432002,0.0475059729654804,Spacer
191,192.0,19.624852512253256,0.04968644717447517,Spacer
192,193.0,25.818647627901196,0.07219960680729091,Spacer
193,194.0,26.866293596105702,0.07600758244750493,Spacer
194,195.0,27.57800444965401,0.07859450367417913,Spacer
195,196.0,30.49337513405415,0.08919127098424304,Spacer
196,197.0,23.258590318978406,0.06289432986661088,Spacer
197,198.0,29.548134369523332,0.08575551700368843,Spacer
198,199.0,22.092771416510487,0.05865682013886641,Spacer
199,200.0,26.101603149570824,0.07322809139701222,Spacer
200,201.0,24.67008121502477,0.06802480629820554,Spacer
201,202.0,24.876019543567836,0.06877334937695416,Spacer
202,203.0,26.153178434584113,0.07341555685283246,Spacer
203,204.0,25.626933753283424,0.07150276666606775,Spacer
204,205.0,25.01298975724964,0.06927120767352081,Spacer
205,206.0,29.95525379576414,0.0872353116144956,Spacer
206,207.0,26.323517648070567,0.07403470453746615,Spacer
207,208.0,27.91513243357516,0.0798198939198996,Spacer
208,209.0,19.70549165493669,0.0499795537202986,Spacer
209,210.0,22.430932429632048,0.0598859652313101,Spacer
210,211.0,22.756412156784933,0.06106901648144363,Spacer
211,212.0,24.145463499109475,0.06611792979291632,Spacer
212,213.0,22.089155780434524,0.05864367805220832,Spacer
213,214.0,24.363333248012765,0.06690984110813394,Spacer
214,215.0,22.64754407586087,0.06067330360444361,Spacer
215,216.0,25.912863874593366,0.07254206330806003,Spacer
216,217.0,28.40857253917563,0.08161344628306245,Spacer
217,218.0,25.95627378846266,0.07269984933461379,Spacer
218,219.0,23.911989643329974,0.06526930078806377,Spacer
219,220.0,28.49047708963532,0.08191115232349871,Spacer
220,221.0,32.00326725003584,0.09467941542569341,Spacer
221,222.0,20.003661060704843,0.051063337620854375,Spacer
222,223.0,27.070383609456037,0.07674940728417276,Spacer
223,224.0,24.11980523612975,0.06602466733273193,Spacer
224,225.0,22.906713068527992,0.061615329098482025,Spacer
225,226.0,23.63158762089829,0.06425009763805636,Spacer
226,227.0,21.852224131328605,0.0577824806863297,Spacer
227,228.0,24.307141043233116,0.06670559410727206,Spacer
228,229.0,25.682127578518184,0.07170338476451221,Spacer
229,230.0,26.802056662498114,0.07577409452715435,Spacer
230,231.0,21.43743741531962,0.056274817068673086,Spacer
231,232.0,20.88188123871738,0.05425548568051582,Spacer
232,233.0,29.037478222311414,0.08389938790270865,Spacer
233,234.0,27.737426343042692,0.07917396916630651,Spacer
234,235.0,26.067770969270565,0.07310511844398353,Spacer
235,236.0,29.16594787768033,0.08436634843422289,Spacer
236,237.0,26.70285653359843,0.0754135226490384,Spacer
237,238.0,23.23290899214604,0.06280098357410939,Spacer
238,239.0,29.869198204967795,0.08692251740404461,Spacer
239,240.0,21.431818252388346,0.05625439257775717,Spacer
240,241.0,23.930328012375888,0.06533595695314955,Spacer
241,242.0,29.300951397502505,0.08485705820682579,Spacer
242,243.0,27.076420584822248,0.0767713504365666,Spacer
243,244.0,27.251058127469847,0.0774061216555201,Spacer
244,245.0,26.30283720845422,0.07395953543198777,Spacer
245,246.0,26.947078631682935,0.07630121928371511,Spacer
246,247.0,23.890214850530707,0.06519015393591444,Spacer
247,248.0,27.3539602972928,0.0777801496839795,Spacer
248,249.0,28.16130993610018,0.08071469804384486,Spacer
249,250.0,27.882595013487055,0.07970162715149572,Spacer
250,251.0,31.270266005154525,0.09201510804565516,Spacer
251,252.0,29.038465293881238,0.08390297570298384,Spacer
252,253.0,33.47537721627269,0.10003022959505785,Spacer
253,254.0,36.77599883125499,0.11202730407333515,Spacer
254,255.0,31.597724461666456,0.09320535156629466,Spacer
255,256.0,25.97468475900182,0.07276676939105803,Spacer
256,257.0,32.36498884063614,0.09599419832693062,Spacer
257,258.0,37.49651480286509,0.11464623007653323,Spacer
258,259.0,53.80792789864182,0.17393483100785534,Spacer
259,260.0,35.69168553890216,0.10808605032068024,Spacer
260,261.0,42.22819158626786,0.13184489305563485,Spacer
261,262.0,33.2708132223745,0.09928668193748012,Spacer
262,263.0,48.47480192316997,0.15455002505513957,Spacer
263,264.0,23.166766043911057,0.06256056768620938,Spacer
264,265.0,30.18973683547455,0.08808760879346617,Spacer
265,266.0,35.49996973087431,0.10738920315191273,Spacer
266,267.0,27.619989784372393,0.07874711165121151,Spacer
267,268.0,32.09687165114387,0.09501964799476165,Spacer
268,269.0,31.442883012993885,0.09264253503997219,Spacer
269,270.0,29.486815229324993,0.08553263465674986,Spacer
270,271.0,32.97143174833403,0.09819849242033693,Spacer
271,272.0,31.416520315010285,0.09254671210476449,Spacer
272,273.0,25.958699654324896,0.07270866685349915,Spacer
273,274.0,29.6279847978472,0.08604575673652401,Spacer
274,275.0,28.777710809530983,0.08295518727576918,Spacer
275,276.0,30.613812253265266,0.08962903491409377,Spacer
276,277.0,28.10846871266247,0.08052263116461583,Spacer
277,278.0,30.39209239193673,0.0888231292393574,Spacer
278,279.0,36.24156146780346,0.11008473518746285,Spacer
279,280.0,44.81736933692011,0.14125601675762883,Spacer
280,281.0,30.772150824318178,0.09020456275438998,Spacer
281,282.0,31.933474976172327,0.09442573499660449,Spacer
282,283.0,26.427879830690014,0.07441403940939384,Spacer
283,284.0,31.676693939635484,0.09349238922744449,Spacer
284,285.0,31.790702920336493,0.09390678820806495,Spacer
285,286.0,29.229426795973918,0.08459708112624421,Spacer
286,287.0,28.987821297003954,0.08371889528623554,Spacer
287,288.0,27.205381748002996,0.07724009749695723,Spacer
288,289.0,26.87464402683482,0.0760379345299515,Spacer
289,290.0,26.14432089855854,0.07338336154789038,Spacer
290,291.0,26.55607717526329,0.074880010147688,Spacer
291,292.0,29.757429992230907,0.08651626314986964,Spacer
292,293.0,27.915674420250237,0.07982186392896627,Spacer
293,294.0,25.639537597051397,0.07154857902205262,Spacer
294,295.0,29.233724250033212,0.08461270147975045,Spacer
295,296.0,30.744420916499724,0.09010377029521695,Spacer
296,297.0,27.23882983310763,0.07736167434367439,Spacer
297,298.0,26.764690489487247,0.07563827624415435,Spacer
298,299.0,36.95298542142985,0.11267061359247116,Spacer
299,300.0,26.91708687412099,0.0761922054702044,Spacer
300,301.0,29.53868254041893,0.08572116156675899,Spacer
301,302.0,42.420512301295076,0.13254393893578775,Spacer
302,303.0,36.379722633880355,0.11058692234878613,Spacer
303,304.0,49.173016853231935,0.1570878914012168,Spacer
304,305.0,73.213833701404,0.24447127062194915,Spacer
305,306.0,49.88847030531443,0.1596884161967318,Spacer
306,307.0,45.892994269124614,0.14516569012454053,Spacer
307,308.0,31.271321157122212,0.09201894330404552,Spacer
308,309.0,34.88306589340418,0.10514688575010296,Spacer
309,310.0,47.29841846266191,0.15027411535174737,Spacer
310,311.0,30.442295689148455,0.08900560780429505,Spacer
311,312.0,33.65873586443153,0.10069670022235197,Spacer
312,313.0,32.05732046702883,0.09487588764992892,Spacer
313,314.0,29.366405928375073,0.08509497184050449,Spacer
314,315.0,29.53310872504845,0.08570090190481401,Spacer
315,316.0,29.594991312223357,0.08592583226456076,Spacer
316,317.0,22.12340507813674,0.05876816714041433,Spacer
317,318.0,31.02048837273445,0.09110721819680088,Spacer
318,319.0,24.31215399259876,0.06672381513770537,Spacer
319,320.0,26.467292107045193,0.0745572948533518,Spacer
320,321.0,27.23991885385756,0.07736563270805824,Spacer
321,322.0,30.173611873062892,0.08802899790207105,Spacer
322,323.0,35.09702812288916,0.1059245940432977,Spacer
323,324.0,28.746491233093888,0.08284171059549902,Spacer
324,325.0,238.15213105403166,0.8439877461481315,Zn fingers
325,326.0,57.86072763750465,0.18866591684089196,RT extension
326,327.0,168.64772506535215,0.5913536570330472,RT extension
327,328.0,51.01860048213796,0.16379620481447474,RT extension
328,329.0,40.69830928589248,0.12628408844316788,RT extension
329,330.0,128.16558600041952,0.44420948419075035,RT extension
330,331.0,52.92099770944971,0.17071102386544604,RT extension
331,332.0,41.447520727132634,0.1290073165223077,RT extension
332,333.0,38.293158347093936,0.11754186400481177,RT extension
333,334.0,32.87260780980891,0.09783928791614875,RT extension
334,335.0,86.46661146460828,0.29264236698376944,RT extension
335,336.0,230.51610429392497,0.8162323738439331,Zn fingers
336,337.0,100.52195619499497,0.3437306276868116,RT extension
337,338.0,51.75716478813825,0.16648073276698594,RT extension
338,339.0,97.39651809556057,0.3323703089256557,RT extension
339,340.0,227.27749030322408,0.8044606842093315,Zn fingers
340,341.0,112.91176754983002,0.3887650202754814,RT extension
341,342.0,61.60199925915649,0.20226466263007362,RT extension
342,343.0,61.17905773075166,0.20072735796200838,RT extension
343,344.0,156.8458985341975,0.5484564672336247,RT extension
344,345.0,123.00730971533456,0.42546022056998606,RT extension
345,346.0,47.63200338712853,0.15148662731176435,RT extension
346,347.0,48.70534363688095,0.15538799633218192,RT extension
347,348.0,43.87423081398654,0.1378279039889293,RT extension
348,349.0,32.44959761836887,0.09630173367220257,RT extension
349,350.0,74.27829967448821,0.2483403834886634,RT extension
350,351.0,184.04369990930863,0.6473148299315712,RT extension
351,352.0,128.15366035729915,0.44416613695334906,RT extension
352,353.0,34.72153542122945,0.10455975601175459,RT extension
353,354.0,167.6411112865878,0.5876948248846185,Zn fingers
354,355.0,34.05478268533663,0.1021362482110447,Remaining
355,356.0,25.024108987824466,0.06931162376870174,Remaining
356,357.0,36.00930408278019,0.10924052780131296,Remaining
357,358.0,52.95288649796843,0.1708269329927282,Remaining
358,359.0,59.43629666221947,0.1943927832133864,Remaining
359,360.0,39.25827364373525,0.12104985778433885,Remaining
360,361.0,32.71359865991565,0.09726132266095627,Remaining
361,362.0,107.1149574605676,0.3676948188135414,Remaining
362,363.0,30.04777881285885,0.08757162084671734,Remaining
363,364.0,112.25873610903999,0.38639138653441507,Remaining
364,365.0,101.78861093044719,0.34833465473750536,Remaining
365,366.0,73.66584430769933,0.246114235354435,Remaining
366,367.0,132.54950755768652,0.46014412910452057,Remaining
367,368.0,123.70686339533314,0.42800295299420577,Remaining
368,369.0,36.649226078980796,0.11156651143235324,Remaining
369,370.0,131.47236416651637,0.456228936454447,Remaining
370,371.0,116.8332879374195,0.40301893291558455,Remaining
371,372.0,137.0704450912364,0.47657679865241365,Remaining
372,373.0,184.1954057375873,0.6478662491286055,Remaining
373,374.0,59.76706464870327,0.1955950561885324,Remaining
374,375.0,103.19245467395132,0.3534373353568871,Remaining
375,376.0,91.95963719219952,0.3126083753459122,Remaining
376,377.0,130.65678483004436,0.4532644748517646,Remaining
377,378.0,63.634252935919015,0.20965148292119737,Remaining
378,379.0,66.33596008367137,0.21947162762453168,Remaining
379,380.0,84.2061960003114,0.28442622595326694,Remaining
380,381.0,44.73390010066495,0.1409526234090994,Remaining
381,382.0,38.501868977568435,0.11830048382564942,Remaining
382,383.0,42.65318418989534,0.1333896529564038,Remaining
383,384.0,33.53784115410474,0.10025727304377549,Remaining
384,385.0,33.111109247820906,0.09870619113886835,Remaining
385,386.0,37.97932011133227,0.1164011271595239,Remaining
386,387.0,35.28496277940913,0.10660769751116723,Remaining
387,388.0,85.1792881325955,0.2879632138746469,Remaining
388,389.0,197.9925537377772,0.6980160183098817,Remaining
389,390.0,128.22253627967086,0.4444164866349674,Remaining
390,391.0,147.9629275155429,0.5161687113710827,Remaining
391,392.0,123.02831062296224,0.4255365545101678,Remaining
392,393.0,170.7578574150928,0.5990235501355914,Remaining
393,394.0,102.71762440917973,0.3517114259023932,Remaining
394,395.0,85.85752766331773,0.29042847379030984,Remaining
395,396.0,95.28977753365687,0.3247127442678838,Remaining
396,397.0,143.67738700430903,0.500591661139221,Remaining
397,398.0,102.02980884744119,0.349211359101631,Remaining
398,399.0,46.24183138444636,0.14643364063250108,Remaining
399,400.0,79.9227213928631,0.2688566848528574,Remaining
400,401.0,42.94345076560991,0.13444471171006248,Remaining
401,402.0,54.751068358927235,0.17736295081842668,Remaining
402,403.0,42.94521377361163,0.13445111987821068,Remaining
403,404.0,35.3735205717964,0.10692958670503279,Remaining
404,405.0,27.165936212943393,0.07709672116451202,Remaining
405,406.0,88.29076584698413,0.29927278953384306,Remaining
406,407.0,195.03100938448108,0.6872514192973996,Remaining
407,408.0,79.84605767454185,0.2685780281494332,Remaining
408,409.0,92.06149253684852,0.3129785983821481,Remaining
409,410.0,107.35482168446441,0.3685666754800862,Remaining
410,411.0,68.15207286082747,0.22607282060878403,Remaining
411,412.0,149.2734932285432,0.5209323457107995,Remaining
412,413.0,90.73190086695382,0.30814580863823515,Remaining
413,414.0,64.4934822913453,0.21277460328258016,Remaining
414,415.0,71.03311219761457,0.23654480059624675,Remaining
415,416.0,48.76873465460549,0.1556184095238798,Remaining
416,417.0,120.2983123691707,0.415613577508613,Remaining
417,418.0,150.4496058542859,0.5252072709860353,Remaining
418,419.0,192.70334020630568,0.6787908249764386,Remaining
419,420.0,123.81728610262233,0.42840431661535766,Remaining
420,421.0,164.84556033677603,0.5775335774394488,Remaining
421,422.0,125.73144482917702,0.43536188627480626,Remaining
422,423.0,73.8801244669508,0.24689309925633998,Remaining
423,424.0,88.47560308805726,0.29994463453947706,Remaining
424,425.0,78.10404297013021,0.2622461662794706,Remaining
425,426.0,58.42805560145363,0.19072803623264836,Remaining
426,427.0,185.5397112740252,0.6527525207233252,Remaining
427,428.0,116.4421795355456,0.4015973350550293,Remaining
428,429.0,83.68222109472072,0.28252168593008303,Remaining
429,430.0,120.99068116857629,0.418130194383204,Remaining
430,431.0,198.32139965178192,0.6992113049505204,Remaining
431,432.0,124.28975273664655,0.4301216347626909,Remaining
432,433.0,46.24603689480146,0.14644892678972685,Remaining
433,434.0,119.6741257999372,0.41334478888848064,Remaining
434,435.0,171.0932776643837,0.6002427331203961,Remaining
435,436.0,208.6657642639744,0.7368109231920059,Remaining
436,437.0,206.98160153811043,0.7306893412560417,Remaining
437,438.0,169.84639389583563,0.5957105694306464,Remaining
438,439.0,149.04176963089446,0.5200900785309606,Remaining
439,440.0,162.67529643562978,0.5696451186287262,Remaining
440,441.0,96.74506784885152,0.3300024224968739,Remaining
441,442.0,86.8148336412904,0.29390808231741444,Remaining
442,443.0,94.8764052461616,0.32321022180428927,Remaining
443,444.0,85.53421959768778,0.28925331607905214,Remaining
444,445.0,116.74007323678045,0.402680116826833,Remaining
445,446.0,112.24983949523882,0.3863590491898698,Remaining
446,447.0,129.77087015657477,0.4500443588982216,Remaining
447,448.0,80.05454141067962,0.26933582325645206,Remaining
448,449.0,92.68922212896634,0.3152602651550588,Remaining
449,450.0,114.54565024835095,0.39470384474840703,Remaining
450,451.0,115.63634760044302,0.3986683032331093,Remaining
451,452.0,199.06228072037067,0.7019042538541628,Remaining
452,453.0,90.25502156149818,0.306412451346163,Remaining
453,454.0,63.421212532152474,0.20887712527315078,Remaining
454,455.0,43.58853407281975,0.13678945563531592,Remaining
455,456.0,93.51165982764081,0.31824965548079404,RT insertion
456,457.0,22.313108363342835,0.059457699206453225,RT insertion
457,458.0,28.818436487366093,0.08310321666149105,RT insertion
458,459.0,38.40383566452088,0.11794415308096631,RT insertion
459,460.0,32.40735219139827,0.0961481803138193,RT insertion
460,461.0,28.939625888268054,0.08354371497914095,RT insertion
461,462.0,66.63633331418188,0.22056342197058995,RT insertion
462,463.0,28.665351227192392,0.08254678351583943,RT insertion
463,464.0,26.479790720719464,0.07460272471978811,RT insertion
464,465.0,29.603887113808995,0.08595816665687112,RT insertion
465,466.0,31.20055663521543,0.09176172895512358,RT insertion
466,467.0,29.352921180898704,0.08504595758238402,RT insertion
467,468.0,28.36571810038249,0.08145767929311355,RT insertion
468,469.0,32.98706963322734,0.09825533288605291,RT insertion
469,470.0,33.31283813066327,0.09943943375622682,RT insertion
470,471.0,25.850574881010193,0.07231565574537481,RT insertion
471,472.0,28.7291254822795,0.08277858969580373,RT insertion
472,473.0,25.86838394827449,0.07238038800834873,RT insertion
473,474.0,29.148146702755817,0.08430164485826591,RT insertion
474,475.0,27.20112719030286,0.07722463306281277,RT insertion
475,476.0,29.839154109341134,0.08681331335253219,RT insertion
476,477.0,30.38968392631204,0.08881437496672383,RT insertion
477,478.0,24.64171628621162,0.06792170566952466,RT insertion
478,479.0,28.756667755739088,0.08287870014302855,RT insertion
479,480.0,27.04282722543703,0.07664924554799332,RT insertion
480,481.0,182.88200303296122,0.6430923029131881,Zn fingers
481,482.0,35.945253424723006,0.10900771695392389,RT insertion
482,483.0,32.2248453216865,0.09548480572438123,RT insertion
483,484.0,184.9130255577513,0.6504746482224356,Zn fingers
484,485.0,47.36588703762519,0.1505193496176516,RT insertion
485,486.0,33.933983029974044,0.10169716653753304,RT insertion
486,487.0,33.08275126917876,0.09860311577261645,RT insertion
487,488.0,50.03480313855487,0.1602203056720458,RT insertion
488,489.0,78.76289681673163,0.26464096325713604,RT insertion
489,490.0,32.442020941165424,0.09627419402321796,RT insertion
490,491.0,30.124952771543672,0.0878521321679553,RT insertion
491,492.0,89.4652661000336,0.30354185416901047,RT insertion
492,493.0,61.96842817206968,0.20359655567084475,RT insertion
493,494.0,28.35074666280851,0.08140326122507249,RT insertion
494,495.0,50.51146360819931,0.16195286754136676,RT insertion
495,496.0,75.8415992771939,0.25402265305885224,RT insertion
496,497.0,44.66798711034095,0.14071304337047472,RT insertion
497,498.0,33.333080668199344,0.09951301117853636,RT insertion
498,499.0,76.94976899728671,0.25805061997459233,RT insertion
499,500.0,74.83655472615517,0.25036952472749,RT insertion
500,501.0,24.787543994917662,0.06845175912200206,RT insertion
501,502.0,49.367697068801974,0.1577955135760941,RT insertion
502,503.0,120.29547100666218,0.41560324974566076,RT insertion
503,504.0,195.44624110558274,0.688760700416201,Zn fingers
504,505.0,51.22785523087033,0.16455680239224008,RT insertion
505,506.0,141.34528147323567,0.49211494159630564,RT insertion
506,507.0,86.83268569460809,0.29397297082577006,RT insertion
507,508.0,146.7536245133674,0.5117731459666607,Zn fingers
508,509.0,90.19094627513138,0.30617955097998045,Remaining
509,510.0,47.61496634858892,0.15142470121295884,Remaining
510,511.0,89.80895928569399,0.30479110756034966,Remaining
511,512.0,67.65701708532166,0.22427339562087112,Remaining
512,513.0,177.05760447787728,0.6219218231043756,Remaining
513,514.0,101.01319026455015,0.3455161615668448,Remaining
514,515.0,177.71996149816422,0.6243293533912532,Remaining
515,516.0,151.9445534885517,0.5306410953383937,Remaining
516,517.0,89.37540945414273,0.3032152439122553,Remaining
517,518.0,153.33463601874737,0.5356937568037399,Remaining
518,519.0,169.6603479448918,0.5950343310155177,Remaining
519,520.0,200.97565580097015,0.7088589751232215,Remaining
520,521.0,84.63395938164743,0.2859810570558911,Remaining
521,522.0,113.16988887674269,0.38970323772196064,Remaining
522,523.0,156.3156079227487,0.5465289709305636,Remaining
523,524.0,151.10929507314486,0.5276051043684632,Remaining
524,525.0,113.02493150831762,0.3891763477757528,Remaining
525,526.0,185.70943511953797,0.6533694316731034,Remaining
526,527.0,144.47631134801293,0.5034955853001782,Remaining
527,528.0,115.10232597542033,0.39672724547013327,Remaining
528,529.0,93.52372787864545,0.31829352034129577,Remaining
529,530.0,94.00169501618406,0.3200308316771941,Remaining
530,531.0,144.6943053586644,0.504287948281058,Remaining
531,532.0,90.91911840899567,0.3088263055438243,Remaining
532,533.0,118.23566205579365,0.40811627175266096,Remaining
533,534.0,125.42679591902076,0.4342545507207154,Remaining
534,535.0,143.3081551080325,0.4992495798357243,Remaining
535,536.0,115.01461191221236,0.3964084230567062,Remaining
536,537.0,143.84240635727542,0.501191472235079,Remaining
537,538.0,132.70644965169487,0.46071458104061896,Remaining
538,539.0,142.16793006197568,0.49510509846365586,Remaining
539,540.0,189.1468427261135,0.6658636948388932,Remaining
540,541.0,156.40632168888132,0.5468586966414898,Remaining
541,542.0,89.150678951866,0.3023983951825747,Remaining
542,543.0,185.5481076952178,0.6527830399715607,Remaining
543,544.0,98.94376860580607,0.33799424337597517,Remaining
544,545.0,119.21157685790372,0.41166351949297203,Remaining
545,546.0,102.8771462277472,0.35229125460180455,Remaining
546,547.0,120.70638108303889,0.4170968225829072,Remaining
547,548.0,111.42177160371526,0.38334919428175684,Remaining
548,549.0,165.23924009227693,0.5789645216367161,Remaining
549,550.0,126.8278766223081,0.4393471882624184,Remaining
550,551.0,94.3972549329855,0.32146860987053405,Remaining
551,552.0,85.666897921642,0.2897355742473034,Remaining
552,553.0,213.14202529441343,0.7530812029243511,Active sites
553,554.0,214.5825544870578,0.7583172275367573,Active sites
554,555.0,151.60138942887812,0.5293937652101887,Remaining
555,556.0,149.05391133298147,0.5201342110978595,Remaining
556,557.0,157.77339147194667,0.5518277115476486,Remaining
557,558.0,176.6993770140468,0.6206197406286897,Remaining
558,559.0,149.89799968206268,0.5232022970439146,Remaining
559,560.0,46.90947411811654,0.1488603833903997,Remaining
560,561.0,73.27428122222867,0.24469098481338175,Remaining
561,562.0,34.58950119267102,0.10407983899657566,Remaining
562,563.0,23.301067181465356,0.06304872444505825,Remaining
563,564.0,120.58313456682664,0.4166488470780887,Remaining
564,565.0,105.08816634571531,0.3603278538011269,Remaining
565,566.0,125.05610589820421,0.43290716943717067,Remaining
566,567.0,101.45214240870398,0.3471116614999206,Remaining
567,568.0,109.48127020807718,0.3762958744879955,Remaining
568,569.0,65.51304079452512,0.2164804868173927,Remaining
569,570.0,30.590548568448032,0.0895444762485004,Remaining
570,571.0,5.955173140612189,0.0,Remaining
571,572.0,28.901218102498923,0.0834041106499666,Remaining
572,573.0,118.56241339984682,0.40930394506628437,Remaining
573,574.0,55.75215913401806,0.1810017079948822,Remaining
574,575.0,162.32918307051202,0.5683870683874032,Remaining
575,576.0,150.02803868093312,0.523674961813317,Remaining
576,577.0,33.96156566701137,0.10179742369798488,Remaining
577,578.0,47.581191754344076,0.15130193757328875,Remaining
578,579.0,135.53817745401773,0.4710073238356327,Remaining
579,580.0,180.36438045452573,0.6339412674098819,Remaining
580,581.0,149.38523565079637,0.5213385062219194,Remaining
581,582.0,49.20328033172768,0.15719789286392222,Remaining
582,583.0,81.14820398390016,0.2733110597044815,Remaining
583,584.0,94.12271844536362,0.32047072672208293,Remaining
584,585.0,31.926475539397778,0.09440029349676425,Remaining
585,586.0,38.55338601967857,0.11848773758060586,Remaining
586,587.0,214.94193029740765,0.7596234840136852,Remaining
587,588.0,90.48938442793236,0.3072643117202182,Remaining
588,589.0,57.76975878104605,0.18833526392957864,Remaining
589,590.0,99.65799272327799,0.34059029979534705,Remaining
590,591.0,113.30551773090374,0.3901962204550881,Remaining
591,592.0,197.60200725555217,0.6965964629106154,Remaining
592,593.0,90.54373751237222,0.3074618739003812,Remaining
593,594.0,53.407222549171536,0.17247835023477376,Remaining
594,595.0,161.72796620478616,0.5662017698718239,Remaining
595,596.0,43.4284410280394,0.1362075506471871,Remaining
596,597.0,144.17524303322526,0.5024012644670475,Remaining
597,598.0,74.96537427462579,0.25083775704780353,Remaining
598,599.0,163.27340363458995,0.5718191141510689,Remaining
599,600.0,152.2133629350639,0.5316181618811421,Remaining
600,601.0,51.49935075573247,0.16554363227225574,Remaining
601,602.0,146.7532795370306,0.5117718920492812,Remaining
602,603.0,80.1818322174206,0.26979849891789104,Remaining
603,604.0,59.23419781198608,0.1936581958413537,Remaining
604,605.0,56.96639066522731,0.1854151875793538,Remaining
605,606.0,187.44575434201477,0.659680591648413,Remaining
606,607.0,129.07944348087727,0.447531166447758,Remaining
607,608.0,101.81164958286416,0.3484183954570325,Remaining
608,609.0,179.2605544678497,0.6299290890635065,Remaining
609,610.0,71.82788211285548,0.23943362427205317,Remaining
610,611.0,38.307109683590376,0.11759257421717284,Remaining
611,612.0,37.34096505347179,0.11408083902410905,Remaining
612,613.0,101.00509520209388,0.3454867376950646,Remaining
613,614.0,49.38003887828566,0.15784037349184463,Remaining
614,615.0,31.438467243339893,0.09262648463383737,Remaining
615,616.0,46.04225911464796,0.14570823685592094,Remaining
616,617.0,155.28177760216388,0.5427712123018079,Remaining
617,618.0,43.344515943424305,0.13590250038448728,Remaining
618,619.0,41.91586427294196,0.13070964809978697,Remaining
619,620.0,55.4047767870867,0.17973904526806228,Remaining
620,621.0,122.15363816560028,0.42235730167869007,Remaining
621,622.0,40.24891484797354,0.12465063293970631,Remaining
622,623.0,34.911435262530155,0.10525000251839932,Remaining
623,624.0,120.97667648723977,0.4180792902734217,Remaining
624,625.0,48.04693517542771,0.15299481823708397,Remaining
625,626.0,62.695703641330155,0.20624005104496954,Remaining
626,627.0,72.89664575593295,0.24331835827714882,Remaining
627,628.0,58.130358517362836,0.18964596912335252,Remaining
628,629.0,55.4267660047671,0.1798189715101475,Remaining
629,630.0,134.21265386860458,0.46618932073442,Remaining
630,631.0,76.30722791851316,0.2557151165220282,Remaining
631,632.0,81.05231858186967,0.27296253617051514,Remaining
632,633.0,45.36771359324918,0.1432564038974032,Remaining
633,634.0,48.289563084198086,0.15387672032450106,Remaining
634,635.0,100.42420218348911,0.34337531214525946,Remaining
635,636.0,59.52529658206732,0.19471627944880116,Remaining
636,637.0,71.61879791973777,0.23867364662854584,Remaining
637,638.0,124.20152351162875,0.42980093984301443,Remaining
638,639.0,88.03398814306027,0.2983394558780395,Remaining
639,640.0,182.30154510000625,0.6409824588094115,Remaining
640,641.0,110.44374265972836,0.37979426207454453,Remaining
641,642.0,152.56442841530088,0.5328942120330398,Remaining
642,643.0,106.56629705289362,0.3657005521141209,Remaining
643,644.0,101.66738581038884,0.34789402658813595,Remaining
644,645.0,111.42091959346344,0.3833460974013387,Remaining
645,646.0,165.4242694809126,0.5796370650588571,Remaining
646,647.0,123.13071279447546,0.4259087651485533,Remaining
647,648.0,187.10462498658083,0.6584406572477867,Remaining
648,649.0,166.74929284617542,0.5844532499636513,Remaining
649,650.0,87.02107614202599,0.29465773099894754,Remaining
650,651.0,153.5480608812708,0.5364695118795677,Remaining
651,652.0,176.41355345660133,0.6195808313242258,Remaining
652,653.0,59.07738810457744,0.19308822510306642,Remaining
653,654.0,120.98950919609338,0.4181259345064886,Remaining
654,655.0,108.5238383943508,0.3728158085740452,Remaining
655,656.0,177.57839335214328,0.6238147825650016,Remaining
656,657.0,58.950985490945605,0.19262877783922183,Remaining
657,658.0,154.77407156218018,0.5409258062282649,Remaining
658,659.0,163.12953833400462,0.5712961936447839,Remaining
659,660.0,75.45890042906667,0.2526316221806406,Remaining
660,661.0,80.38542083812396,0.2705385012963585,Remaining
661,662.0,76.58508844013042,0.25672508184410076,Remaining
662,663.0,82.71257692440668,0.2789972306347894,Remaining
663,664.0,38.73696839901165,0.11915502142427971,Remaining
664,665.0,50.19419312439364,0.1607996551868521,Remaining
665,666.0,110.73660455347495,0.3808587542705535,Remaining
666,667.0,42.92808012934715,0.13438884263764722,Remaining
667,668.0,44.21961651891699,0.1390833093365081,Remaining
668,669.0,168.28509196847705,0.5900355609956974,Remaining
669,670.0,51.11026592681912,0.16412938967939,Remaining
670,671.0,142.71580439267814,0.4970965079364465,Remaining
671,672.0,71.67498097569283,0.23887786037532932,Remaining
672,673.0,31.73511922033359,0.09370475299576247,Remaining
673,674.0,65.52635499689838,0.21652888117946248,Remaining
674,675.0,188.43430167752882,0.6632737560255809,Remaining
675,676.0,66.87664551411777,0.22143690693705284,Remaining
676,677.0,49.91462157195912,0.1597834706229082,Remaining
677,678.0,182.29637123519944,0.64096365288475,Remaining
678,679.0,174.69023533753534,0.6133169276612456,Remaining
679,680.0,46.24018905368236,0.14642767110106367,Remaining
680,681.0,40.35542200316362,0.12503776434170788,Remaining
681,682.0,101.7504245721014,0.3481958552510543,Remaining
682,683.0,147.31655158390748,0.5138192690243453,Remaining
683,684.0,48.57015135896152,0.154896600463075,Remaining
684,685.0,54.51486318590959,0.17650439404233823,Remaining
685,686.0,121.6380496484655,0.420483244436826,Remaining
686,687.0,98.18916920568525,0.33525143118465356,Remaining
687,688.0,150.1305497167881,0.5240475681509882,Remaining
688,689.0,119.7567067244138,0.4136449534080771,Remaining
689,690.0,53.36071170852172,0.1723092929830154,Remaining
690,691.0,52.67638634200356,0.16982191231743832,Remaining
691,692.0,109.18473425143549,0.37521802783596825,Remaining
692,693.0,101.00438262596741,0.34548414762875046,Remaining
693,694.0,51.93788757300837,0.16713762257833747,Remaining
694,695.0,115.26333782934009,0.3973124901387716,Remaining
695,696.0,55.739889827827845,0.18095711161355432,Remaining
696,697.0,206.7419039943645,0.7298180904372484,Remaining
697,698.0,99.61914101754817,0.34044908190925766,Remaining
698,699.0,195.3420580502924,0.6883820166349339,Remaining
699,700.0,205.56689781187296,0.7255471868535722,Remaining
700,701.0,154.03870432303006,0.538252898950156,Remaining
701,702.0,215.0501953415749,0.7600170049772432,Active sites
702,703.0,232.88155081451265,0.8248302809633241,Remaining
703,704.0,125.39102165764399,0.4341245187060808,Remaining
704,705.0,102.13428770422706,0.3495911180599362,Remaining
705,706.0,98.28533423589265,0.3356009711090021,Remaining
706,707.0,76.57802023169815,0.25669939037355927,Remaining
707,708.0,260.0636065355382,0.9236314114769097,Remaining
708,709.0,178.4116390486305,0.6268434577194284,Remaining
709,710.0,161.72861605797584,0.5662041319532818,Remaining
710,711.0,88.55483817287252,0.3002326376263824,Remaining
711,712.0,134.1740548674956,0.4660490213771748,Remaining
712,713.0,93.38999533532245,0.3178074303044577,Remaining
713,714.0,42.56373857355433,0.1330645367067472,Remaining
714,715.0,60.435543253332774,0.19802483716387093,Remaining
715,716.0,64.88715183468554,0.21420551036076324,Remaining
716,717.0,44.66015400396511,0.14068457165467407,Remaining
717,718.0,48.37483121828859,0.15418665229327447,Remaining
718,719.0,202.44026480899151,0.7141825248664059,Remaining
719,720.0,44.99228352347102,0.1418917935197494,Remaining
720,721.0,230.47738282089347,0.8160916293266703,Remaining
721,722.0,31.434239771143254,0.09261111864987613,Remaining
722,723.0,35.674444222973776,0.10802338171596727,Remaining
723,724.0,85.27197150528114,0.2883000986965727,Remaining
724,725.0,116.67796475131243,0.4024543653736793,Remaining
725,726.0,90.6339866750859,0.3077899108743146,Remaining
726,727.0,102.93870165975055,0.35251499582040846,Remaining
727,728.0,57.816117127720915,0.1885037668973904,Remaining
728,729.0,111.24668463305665,0.38271278948526866,Remaining
729,730.0,177.34866913119433,0.6229797827044667,Remaining
730,731.0,216.8443078968089,0.7665382317212759,Active sites
731,732.0,196.9896034443906,0.6943705021703913,Remaining
732,733.0,213.04428063021737,0.7527259213583299,Remaining
733,734.0,204.84964243553466,0.722940112437403,Remaining
734,735.0,131.6275671799984,0.45679306719380386,Remaining
735,736.0,183.98617583928743,0.6471057418770043,Remaining
736,737.0,240.61576044178398,0.8529425276103793,Remaining
737,738.0,257.2395503090548,0.9133665532677246,Remaining
738,739.0,131.57846741161052,0.45661459972708734,Remaining
739,740.0,106.20554487260318,0.36438929281814475,Remaining
740,741.0,125.42657487289823,0.43425374726394134,Remaining
741,742.0,194.27491445308493,0.6845031711603117,Remaining
742,743.0,152.4427988453873,0.5324521137923962,Remaining
743,744.0,127.84483827976868,0.4430436328020548,Remaining
744,745.0,41.39231579435531,0.12880665805025157,Remaining
745,746.0,126.1923313515519,0.43703711311991533,Remaining
746,747.0,207.0260281186024,0.7308508226547449,Remaining
747,748.0,210.83616244243325,0.7446998700728884,Remaining
748,749.0,144.87241076839226,0.504935324477042,Remaining
749,750.0,210.137127561485,0.7421590233755323,Active sites
750,751.0,177.21051295387417,0.6224776136762387,Remaining
751,752.0,25.94084714933132,0.07264377670339545,Remaining
752,753.0,64.08909315520413,0.2113047327095736,Remaining
753,754.0,132.93725510729553,0.46155351096468683,Remaining
754,755.0,51.97069422304778,0.16725686794173175,Remaining
755,756.0,52.427508893415265,0.16891729444996628,Remaining
756,757.0,69.19104605252952,0.22984927250657292,Remaining
757,758.0,54.40063045366712,0.17608918177130747,Remaining
758,759.0,104.98351615526941,0.3599474720805303,Remaining
759,760.0,58.742006738277034,0.19186918344986137,Remaining
760,761.0,27.856314840532953,0.07960610417764097,Remaining
761,762.0,110.05388602104391,0.3783772141133612,Remaining
762,763.0,191.3755028135933,0.6739644116659576,Remaining
763,764.0,201.39461707652003,0.7103818123983184,Remaining
764,765.0,201.62902961686237,0.7112338533267193,Remaining
765,766.0,231.20316110934385,0.8187296827593122,Remaining
766,767.0,151.2049025009347,0.5279526175237624,Remaining
767,768.0,189.4272525867014,0.6668829264789715,Remaining
768,769.0,98.24413920137314,0.3354512357091543,Remaining
769,770.0,190.19862361848283,0.6696867000701825,Remaining
770,771.0,173.22037588026507,0.6079742936248487,Remaining
771,772.0,149.23805665341723,0.5208035411155949,Remaining
772,773.0,184.07663457936096,0.64743454062114,Remaining
773,774.0,219.047847372256,0.7745476403377508,Remaining
774,775.0,168.3654272366091,0.5903275630206002,Remaining
775,776.0,120.36986312566266,0.4158736496570576,Remaining
776,777.0,165.83367960011336,0.5811251858631069,Remaining
777,778.0,82.24125622234497,0.27728407771228497,Remaining
778,779.0,193.5702748222662,0.6819419523605241,Remaining
779,780.0,115.31744617803811,0.39750916275531156,Remaining
780,781.0,53.69703356430794,0.17353175312028907,Remaining
781,782.0,123.34905775207895,0.4267024037487596,Remaining
782,783.0,74.72539619136096,0.24996548652608913,Remaining
783,784.0,73.80693784531495,0.246627081077645,Remaining
784,785.0,28.348397050665845,0.08139472087263018,Remaining
785,786.0,41.70595964072821,0.12994668833045964,Remaining
786,787.0,182.29444149759436,0.6409566386891008,Remaining
787,788.0,79.29786391389413,0.2665854576150938,Remaining
788,789.0,173.95663762821823,0.610650452256788,Remaining
789,790.0,188.62701757605183,0.663974238315715,Active sites
790,791.0,43.730359414753515,0.1373049613153257,Remaining
791,792.0,45.07160691415829,0.14218011758017027,Remaining
792,793.0,121.8681621690936,0.42131965568609736,Remaining
793,794.0,135.69909606118668,0.4715922295716867,Remaining
794,795.0,40.33304377448684,0.12495642412539573,Remaining
795,796.0,31.617174043135094,0.09327604675788868,Remaining
796,797.0,66.19210942827947,0.2189487603504849,Remaining
797,798.0,23.550161788003003,0.06395413163660188,Remaining
798,799.0,46.42541294852503,0.14710092151289436,Remaining
799,800.0,34.90494334129692,0.1052264057322095,Remaining
800,801.0,37.32743391097418,0.11403165612971633,Remaining
801,802.0,29.069630889027206,0.08401625617246536,Remaining
802,803.0,28.48203056254237,0.0818804509507158,Remaining
803,804.0,29.671673092839228,0.08620455462067685,Remaining
804,805.0,23.495968348440154,0.06375714973243017,Remaining
805,806.0,64.78468261120862,0.21383305600240735,Remaining
806,807.0,40.34714274797627,0.1250076709675821,Remaining
807,808.0,153.53481924025388,0.5364213812629671,Remaining
808,809.0,35.79968372132862,0.10847860129720159,Remaining
809,810.0,146.49173698733307,0.5108212391681036,Remaining
810,811.0,35.05996472083942,0.10578987626989687,Remaining
811,812.0,75.73459990175749,0.25363373253842275,Remaining
812,813.0,137.71940571019195,0.47893563580107,Remaining
813,814.0,83.50588147460381,0.2818807280128196,Remaining
814,815.0,118.60367155337315,0.4094539098906207,Remaining
815,816.0,82.53763756988192,0.2783613623923079,Remaining
816,817.0,167.36987172834796,0.5867089253901452,Remaining
817,818.0,67.19505329633591,0.22259425313523395,Remaining
818,819.0,92.96057629183072,0.31624658121355437,Remaining
819,820.0,29.77227449288943,0.08657021982857063,Remaining
820,821.0,53.99403930073698,0.17461130732433372,Remaining
821,822.0,45.02761522538247,0.14202021692258715,Remaining
822,823.0,26.26410717733652,0.07381875980785808,Remaining
823,824.0,47.297204337943825,0.15026970226040645,Remaining
824,825.0,36.57780999772333,0.1113069288004322,Remaining
825,826.0,24.66882180799989,0.0680202286150784,Remaining
826,827.0,88.92863117414579,0.30159129759981845,Remaining
827,828.0,26.38548969922029,0.0742599600801918,Remaining
828,829.0,83.36117157849033,0.28135473757709784,Remaining
829,830.0,39.946500295729805,0.1235514188128539,Remaining
830,831.0,50.268161350714514,0.16106851433634367,Remaining
831,832.0,170.83443076737493,0.5993018783772203,Remaining
832,833.0,57.53483599994251,0.18748136838191878,Remaining
833,834.0,193.22624227612764,0.6806914654642859,Remaining
834,835.0,27.910279210987262,0.07980225346314977,Remaining
835,836.0,19.92798886000891,0.05078828487819422,Remaining
836,837.0,30.55552494101272,0.08941717263243804,Remaining
837,838.0,24.92968748200451,0.06896842119360766,Remaining
838,839.0,36.948203481597524,0.11265323223374205,Remaining
839,840.0,52.61222900741258,0.16958871372299117,Remaining
840,841.0,48.917502012249386,0.15615914799007927,Remaining
841,842.0,128.48926601861413,0.44538599387237643,Remaining
842,843.0,111.06542170666296,0.38205393637159324,Remaining
843,844.0,203.43220577728414,0.7177880243943258,Remaining
844,845.0,191.2724236549979,0.6735897403200469,Remaining
845,846.0,217.3945591860875,0.7685382809451184,Remaining
