,site,wildtype,variable,replicate,pre_value,pre_sum,pre_frac,post_value,post_sum,nrmpre,post_frac,pre_ratio,post_ratio,factor,wtnormfactor,AA,wtAA,mfactor,logmfactor,fullname,info_norpre,info,kozakscore,-1ATGbreak,-1ATGmaker,-1ATGpreserve,-1CTGbreak,-1CTGmaker,-1CTGpreserve,-1TAAbreak,-1TAAmaker,-1TAApreserve,-1TAGbreak,-1TAGmaker,-1TAGpreserve,-1TGAbreak,-1TGAmaker,-1TGApreserve,-1stoppreserve,-2ATGbreak,-2ATGmaker,-2ATGpreserve,-2CTGbreak,-2CTGmaker,-2CTGpreserve,-2TAAbreak,-2TAAmaker,-2TAApreserve,-2TAGbreak,-2TAGmaker,-2TAGpreserve,-2TGAbreak,-2TGAmaker,-2TGApreserve,-2stoppreserve,0ATGbreak,0ATGmaker,0ATGpreserve,0CTGbreak,0CTGmaker,0CTGpreserve,0TAAmaker,0TAGbreak,0TAGmaker,0TAGpreserve,0TGAmaker,0startpreserve,0stoppreserve,1ATGbreak,1ATGmaker,1ATGpreserve,1CTGbreak,1CTGmaker,1CTGpreserve,1TAAbreak,1TAAmaker,1TAApreserve,1TAGbreak,1TAGmaker,1TAGpreserve,1TGAbreak,1TGAmaker,1TGApreserve,1startpreserve,1stoppreserve,2ATGbreak,2ATGmaker,2ATGpreserve,2CTGbreak,2CTGmaker,2CTGpreserve,2TAAbreak,2TAAmaker,2TAApreserve,2TAGbreak,2TAGmaker,2TAGpreserve,2TGAbreak,2TGAmaker,2TGApreserve,2startpreserve,mutseq,mypos,wtseq,siteB,siteC,group,position -3,CTvsAG
418,115.0,AAT,GAT,ABC,105,924869,0.00011352959175840038,234.0,950892,107.95438056632885,0.0002460847288651077,0.00011354248219005066,0.0002461453014648801,2.1678696529892227,1.1737773611808762,D,N,2.1678696529892223,1.1162780146994506,"D, GAT",108.0,norpre#: 108.0 post#: 234.0 wt: AAT var: GAT factor: 2.17 pvalue: empty,0.539792965617718,,,,,,,,,,,,,,,,,,,,,,,,,,,,,,,,,,,,,,,,,,,,,,,,,,,,,,,,,,,,,,,,,,,,,,,,,,,,,,,TCGATTA,343,TCAATTA,115.0,115.0,J start preserver,A,A or G
490,115.0,AAT,AAC,ABC,107,924869,0.0001156920601728461,230.0,950892,110.01065448187798,0.000241878152303311,0.00011570544637431036,0.00024193667149838743,2.090970469235437,1.1737773611808762,N,N,2.090970469235437,1.0641726868971555,"N, AAC",110.0,norpre#: 110.0 post#: 230.0 wt: AAT var: AAC factor: 2.09 pvalue: empty,0.5764126850507669,,,,,,,,,,,,,,,,,,,,,,,,,,,,,,,,,,,,,,,,,,,,,,,,,,,,,,,,,,,,,,,,,,,,,,,,,,,,,,,TCAACTA,343,TCAATTA,115.0,115.0,J start preserver,A,A or G
1807,115.0,AAT,AGC,ABC,66,924869,7.136145767670881e-05,98.0,950892,67.857039213121,0.00010306112576401947,7.136655049778169e-05,0.00010307174845444965,1.444258517968491,1.1737773611808762,S,N,1.444258517968491,0.5303290034505237,"S, AGC",67.9,norpre#: 67.9 post#: 98.0 wt: AAT var: AGC factor: 1.44 pvalue: empty,0.5285253608734211,,,,,,,,,,,,,,,,,,,,,,,,,,,,,,,,,,,,,,,,,,,,,,,,,,,,,,,,,,,,,,,,,,,,,,,,,,,,,,,TCAGCTA,343,TCAATTA,115.0,115.0,J start preserver,G,A or G
1936,115.0,AAT,GGA,ABC,69,924869,7.460516029837739e-05,100.0,950892,70.94145008644468,0.00010516441404491783,7.461072664359861e-05,0.00010517547476209308,1.4096562182606331,1.1737773611808762,G,N,1.4096562182606331,0.49534336639460064,"G, GGA",70.9,norpre#: 70.9 post#: 100.0 wt: AAT var: GGA factor: 1.41 pvalue: empty,0.5172577561291243,,,,,,,,,,,,,,,,,,,,,,,,,,,,,,,,,,,,,,,,,,,,,,,,,,,,,,,,,,,,,,,,,,,,,,,,,,,,,,,TCGGATA,343,TCAATTA,115.0,115.0,J start preserver,G,A or G
2147,115.0,AAT,CAT,ABC,103,924869,0.00011136712334395466,144.0,950892,105.89810665077974,0.00015143675622468166,0.00011137952736151632,0.00015145969278925646,1.359852177300481,1.1737773611808762,H,N,1.359852177300481,0.44344983186790465,"H, CAT",105.9,norpre#: 105.9 post#: 144.0 wt: AAT var: CAT factor: 1.36 pvalue: empty,0.5623281777823678,,,,,,,,,,,,,,,,,,,,,,,,,,,,,,,,,,,,,,,,,,,,,,,,,,,,,,,,,,,,,,,,,,,,,,,,,,,,,,,TCCATTA,343,TCAATTA,115.0,115.0,J start preserver,A,A or G
2186,115.0,AAT,AAA,ABC,181,924869,0.00019570339150733779,251.0,950892,186.09278935719544,0.00026396267925274375,0.0001957416988216566,0.0002640323739455799,1.3488815900496705,1.1737773611808762,K,N,1.3488815900496707,0.4317637085931178,"K, AAA",186.1,norpre#: 186.1 post#: 251.0 wt: AAT var: AAA factor: 1.35 pvalue: empty,0.5651450803064701,,,,,,,,,,,,,,,,,,,,,,,,,,,,,,,,,,,,,,,,,,,,,,,,,,,,,,,,,,,,,,,,,,,,,,,,,,,,,,,TCAAATA,343,TCAATTA,115.0,115.0,J start preserver,A,A or G
2194,115.0,AAT,ACC,ABC,13,924869,1.4056044693897189e-05,18.0,950892,13.365780451069286,1.8929594528085208e-05,1.4056242269066752e-05,1.892995286441737e-05,1.3467292681825838,1.1737773611808762,T,N,1.3467292681825838,0.4294598562144009,"T, ACC",13.4,norpre#: 13.4 post#: 18.0 wt: AAT var: ACC factor: 1.35 pvalue: empty,0.398947895609783,,,,,,,,,,,,,,,,,,,,,,,,,,,,,,,,,,,,,,,,,,,,,,,,,,,,,,,,,,,,,,,,,,,,,,,,,,,,,,,TCACCTA,343,TCAATTA,115.0,115.0,J start preserver,C,C or T
2595,115.0,AAT,AGT,ABC,98,924869,0.00010596095230784035,128.0,950892,100.75742186190693,0.00013461044997749481,0.00010597218122108068,0.00013462857239020408,1.2704142807945042,1.1737773611808762,S,N,1.2704142807945042,0.3452990350963516,"S, AGT",100.8,norpre#: 100.8 post#: 128.0 wt: AAT var: AGT factor: 1.27 pvalue: empty,0.491905641440372,,,,,,,,,,,,,,,,,,,,,,,,,,,,,,,,,,,,,,,,,,,,,,,,,,,,,,,,,,,,,,,,,,,,,,,,,,,,,,,TCAGTTA,343,TCAATTA,115.0,115.0,J start preserver,G,A or G
2789,115.0,AAT,TAT,ABC,125,924869,0.0001351542759028576,159.0,950892,128.51711972182005,0.00016721141833141935,0.0001351725450503058,0.00016723938266579577,1.2372289254711892,1.1737773611808762,Y,N,1.2372289254711892,0.3071124680467834,"Y, TAT",128.5,norpre#: 128.5 post#: 159.0 wt: AAT var: TAT factor: 1.24 pvalue: empty,0.5227155007554882,,,,,,,,,,,,,,,,,,,,,,,,,,,,,,,,,,,,,,,,,,,,,,,,,,,,,,,,,,,,,,,,,,,,,,,,,,,,,,,TCTATTA,343,TCAATTA,115.0,115.0,J start preserver,A,A or G
2889,115.0,AAT,GCG,ABC,39,924869,4.216813408169157e-05,49.0,950892,40.09734135320786,5.1530562882009737e-05,4.216991230820799e-05,5.153321841776192e-05,1.2220375997256092,1.1737773611808762,A,N,1.2220375997256094,0.2892886747664307,"A, GCG",40.1,norpre#: 40.1 post#: 49.0 wt: AAT var: GCG factor: 1.22 pvalue: empty,0.3764126834451331,,,,,,,,,,,,,,,,,,,,,,,,,,,,,,,,,,,,,,,,,,,,,,,,,,,,,,,,,,,,,,,,,,,,,,,,,,,,,,,TCGCGTA,343,TCAATTA,115.0,115.0,J start preserver,C,C or T
2945,115.0,AAT,CGA,ABC,69,924869,7.460516029837739e-05,86.0,950892,70.94145008644468,9.044139607862932e-05,7.461072664359861e-05,9.044957646459951e-05,1.212286497311038,1.1737773611808762,R,N,1.212286497311038,0.27773068841934895,"R, CGA",70.9,norpre#: 70.9 post#: 86.0 wt: AAT var: CGA factor: 1.21 pvalue: empty,0.5397929682937741,,,,,,,,,,,,,,,,,,,,,,,,,,,,,,,,,,,,,,,,,,,,,,,,,,,,,,,,,,,,,,,,,,,,,,,,,,,,,,,TCCGATA,343,TCAATTA,115.0,115.0,J start preserver,G,A or G
3148,115.0,AAT,GGC,ABC,37,924869,4.000566566724585e-05,45.0,950892,38.04106743765874,4.732398632021302e-05,4.0007266184561086e-05,4.732622598588417e-05,1.1829407629993847,1.1737773611808762,G,N,1.1829407629993844,0.24237783101771634,"G, GGC",38.0,norpre#: 38.0 post#: 45.0 wt: AAT var: GGC factor: 1.18 pvalue: empty,0.5285253608734211,,,,,,,,,,,,,,,,,,,,,,,,,,,,,,,,,,,,,,,,,,,,,,,,,,,,,,,,,,,,,,,,,,,,,,,,,,,,,,,TCGGCTA,343,TCAATTA,115.0,115.0,J start preserver,G,A or G
3226,115.0,AAT,AAT,ABC,920479,924869,0.9952533818302917,947044.0,950892,946378.4787553697,0.9959532733475516,209.6763097949886,246.1133056133056,1.1737773611808762,1.1737773611808762,N,N,1.1737773611808735,0.23115878802165313,"N, AAT",946378.5,norpre#: 946378.5 post#: 947044.0 wt: AAT var: AAT factor: 1.17 pvalue: empty,0.539792965617718,,,,,,,,,,,,,,,,,,,,,,,,,,,,,,,,,,,,,,,,,,,,,,,,,,,,,,,,,,,,,,,,,,,,,,,,,,,,,,,TCAATTA,343,TCAATTA,115.0,115.0,J start preserver,A,A or G
3233,115.0,AAT,TAG,ABC,34,924869,3.676196304557727e-05,41.0,950892,34.956656564335056,4.3117409758416306e-05,3.676331453718771e-05,4.311926894960409e-05,1.1728885029119736,1.1737773611808762,*,N,1.1728885029119736,0.2300658744564598,"*, TAG",35.0,norpre#: 35.0 post#: 41.0 wt: AAT var: TAG factor: 1.17 pvalue: empty,0.5368000080238873,,,,,,,,,,,,,,,,,,,,,,,,,,,,,,,,,,,,,,,,,1.0,,,,,,,,,,,,,,,,,,,,,,,,,,,,,,,,,,,,,,TCTAGTA,343,TCAATTA,115.0,115.0,J start preserver,A,A or G
3477,115.0,AAT,CAA,ABC,154,924869,0.00016651006791232055,181.0,950892,158.3330914972823,0.00019034758942130126,0.00016653779813239754,0.00019038382852412563,1.1431868960629015,1.1737773611808762,Q,N,1.1431868960629012,0.19306128455072452,"Q, CAA",158.3,norpre#: 158.3 post#: 181.0 wt: AAT var: CAA factor: 1.14 pvalue: empty,0.58768029247112,,,,,,,,,,,,,,,,,,,,,,,,,,,,,,,,,,,,,,,,,,,,,,,,,,,,,,,,,,,,,,,,,,,,,,,,,,,,,,,TCCAATA,343,TCAATTA,115.0,115.0,J start preserver,A,A or G
3491,115.0,AAT,AAG,ABC,92,924869,9.947354706450318e-05,108.0,950892,94.58860011525957,0.00011357756716851125,9.948344303545611e-05,0.00011359046849757674,1.1418027465846037,1.1737773611808762,K,N,1.1418027465846037,0.19131343782514826,"K, AAG",94.6,norpre#: 94.6 post#: 108.0 wt: AAT var: AAG factor: 1.14 pvalue: empty,0.553877472886117,,,,,,,,,,,,,,,,,,,,,,,,,,,,,,,,,,,,,,,,,,,,,,,,,,,,,,,,,,,,,,,,,,,,,,,,,,,,,,,TCAAGTA,343,TCAATTA,115.0,115.0,J start preserver,A,A or G
3865,115.0,AAT,GAA,ABC,95,924869,0.00010271724968617178,107.0,950892,97.67301098858326,0.00011252592302806208,0.00010272780160341878,0.00011253858653638836,1.095502724480021,1.1737773611808762,E,N,1.0955027244800208,0.1315930722687355,"E, GAA",97.7,norpre#: 97.7 post#: 107.0 wt: AAT var: GAA factor: 1.1 pvalue: empty,0.5651450803064701,,,,,,,,,,,,,,,,,,,,,,,,,,,,,,,,,,,,,,,,,,,,,,,,,,,,,,,,,,,,,,,,,,,,,,,,,,,,,,,TCGAATA,343,TCAATTA,115.0,115.0,J start preserver,A,A or G
4063,115.0,AAT,TAA,ABC,108,924869,0.00011677329438006896,119.0,950892,111.03879143965254,0.0001251456527134522,0.0001167869319748562,0.00012516131610805102,1.0717065170870126,1.1737773611808762,*,N,1.0717065170870128,0.09990988311658014,"*, TAA",111.0,norpre#: 111.0 post#: 119.0 wt: AAT var: TAA factor: 1.07 pvalue: empty,0.5480676154442404,,,,,,,,,,,,,,,,,,,,,,,,,,,,,,,,,,,,,,,1.0,,,,,,,,,,,,,,,,,,,,,,,,,,,,,,,,,,,,,,,,TCTAATA,343,TCAATTA,115.0,115.0,J start preserver,A,A or G
4596,115.0,AAT,AGG,ABC,59,924869,6.379281822614878e-05,61.0,950892,60.66008050869907,6.415029256739987e-05,6.379688800942897e-05,6.415440809144843e-05,1.005604036390719,1.1737773611808762,R,N,1.0056040363907193,0.00806234571153844,"R, AGG",60.7,norpre#: 60.7 post#: 61.0 wt: AAT var: AGG factor: 1.01 pvalue: empty,0.5059901487087711,,,,,,,,,,,,,,,,,,,,,,,,,,,,,,,,,,,,,,,,,,,,,,,,,,,,,,,,,,,,,,,,,,,,,,,,,,,,,,,TCAGGTA,343,TCAATTA,115.0,115.0,J start preserver,G,A or G
4765,115.0,AAT,GAG,ABC,65,924869,7.028022346948594e-05,66.0,950892,66.82890225534642,6.940851326964576e-05,7.028516312645707e-05,6.941333114576168e-05,0.9875957891834614,1.1737773611808762,E,N,0.9875957891834615,-0.018007409618786864,"E, GAG",66.8,norpre#: 66.8 post#: 66.0 wt: AAT var: GAG factor: 0.99 pvalue: empty,0.553877472886117,,,,,,,,,,,,,,,,,,,,,,,,,,,,,,,,,,,,,,,,,,,,,,,,,,,,,,,,,,,,,,,,,,,,,,,,,,,,,,,TCGAGTA,343,TCAATTA,115.0,115.0,J start preserver,A,A or G
4899,115.0,AAT,GTA,ABC,69,924869,7.460516029837739e-05,69.0,950892,70.94145008644468,7.25634456909933e-05,7.461072664359861e-05,7.256871152675104e-05,0.9726310785498459,1.1737773611808762,V,N,0.9726310785498458,-0.04003540403726305,"V, GTA",70.9,norpre#: 70.9 post#: 69.0 wt: AAT var: GTA factor: 0.97 pvalue: empty,0.3764126861211894,,,,,,,,,,,,,,,,,,,,,,,,,,,,,,,,,,,,,,,,,,,,,,,,,,,,,,,,,,,,,,,,,,,,,,,,,,,,,,,TCGTATA,343,TCAATTA,115.0,115.0,J start preserver,T,C or T
5090,115.0,AAT,CAC,ABC,62,924869,6.703652084781736e-05,61.0,950892,63.74449138202275,6.415029256739987e-05,6.704101504422003e-05,6.415440809144843e-05,0.956942672319809,1.1737773611808762,H,N,0.9569426723198089,-0.06349559529332152,"H, CAC",63.7,norpre#: 63.7 post#: 61.0 wt: AAT var: CAC factor: 0.96 pvalue: empty,0.5989478972154167,,,,,,,,,,,,,,,,,,,,,,,,,,,,,,,,,,,,,,,,,,,,,,,,,,,,,,,,,,,,,,,,,,,,,,,,,,,,,,,TCCACTA,343,TCAATTA,115.0,115.0,J start preserver,A,A or G
5611,115.0,AAT,TGC,ABC,55,924869,5.946788139725734e-05,51.0,950892,56.54753267760083,5.363385116290809e-05,5.947141803649166e-05,5.363672790718953e-05,0.9018908524138105,1.1737773611808762,C,N,0.9018908524138105,-0.1489752470046119,"C, TGC",56.5,norpre#: 56.5 post#: 51.0 wt: AAT var: TGC factor: 0.9 pvalue: empty,0.5114478960111914,,,,,1.0,,,,,,,,,,,,,,,,,,,,,,,,,,,,,,,,,,,,,,,,,,,,,,,,,,,,,,,,,,,,,,,,,,,,,,,,,,TCTGCTA,343,TCAATTA,115.0,114.0,J start preserver,G,A or G
5794,115.0,AAT,GGG,ABC,56,924869,6.0549115604480205e-05,51.0,950892,57.57566963537539,5.363385116290809e-05,6.0552782021879015e-05,5.363672790718953e-05,0.8857847008219941,1.1737773611808762,G,N,0.885784700821994,-0.17497201552239774,"G, GGG",57.6,norpre#: 57.6 post#: 51.0 wt: AAT var: GGG factor: 0.89 pvalue: empty,0.5059901487087711,,,,,,,,,,,,,,,,,,,,,,,,,,,,,,,,,,,,,,,,,,,,,,,,,,,,,,,,,,,,,,,,,,,,,,,,,,,,,,,TCGGGTA,343,TCAATTA,115.0,115.0,J start preserver,G,A or G
5861,115.0,AAT,GAC,ABC,63,924869,6.811775505504023e-05,57.0,950892,64.77262833979732,5.994371600560316e-05,6.812239539968383e-05,5.9947309470097335e-05,0.8799941505048069,1.1737773611808762,D,N,0.8799941505048069,-0.18443416098487597,"D, GAC",64.8,norpre#: 64.8 post#: 57.0 wt: AAT var: GAC factor: 0.88 pvalue: empty,0.5764126850507669,,,,,,,,,,,,,,,,,,,,,,,,,,,,,,,,,,,,,,,,,,,,,,,,,,,,,,,,,,,,,,,,,,,,,,,,,,,,,,,TCGACTA,343,TCAATTA,115.0,115.0,J start preserver,A,A or G
6339,115.0,AAT,AGA,ABC,96,924869,0.00010379848389339463,82.0,950892,98.7011479463578,8.623481951683261e-05,0.00010380925913710717,8.624225660226544e-05,0.830776149633821,1.1737773611808762,R,N,0.830776149633821,-0.2674682957713862,"R, AGA",98.7,norpre#: 98.7 post#: 82.0 wt: AAT var: AGA factor: 0.83 pvalue: empty,0.5172577561291243,,,,,,,,,,,,,,,,,,,,,,,,,,,,,,,,,,,,,,,,,,,,,,,,,,,,,,,,,,,,,,,,,,,,,,,,,,,,,,,TCAGATA,343,TCAATTA,115.0,115.0,J start preserver,G,A or G
6527,115.0,AAT,ATT,ABC,96,924869,0.00010379848389339463,80.0,950892,98.7011479463578,8.413153123593426e-05,0.00010380925913710717,8.413860994602508e-05,0.8105116118293276,1.1737773611808762,I,N,0.8105116118293275,-0.30309524016418227,"I, ATT",98.7,norpre#: 98.7 post#: 80.0 wt: AAT var: ATT factor: 0.81 pvalue: empty,0.35106057143243724,,,,,,,,,,,,,,,,,,,,,,,,,,,,,,,,,,,,,,,,,,,,,,,,,,,,,,,,,,,,,,,,,,,,,,,,,,,,,,,TCATTTA,343,TCAATTA,115.0,115.0,J start preserver,T,C or T
6888,115.0,AAT,TTT,ABC,98,924869,0.00010596095230784035,78.0,950892,100.75742186190693,8.20282429550359e-05,0.00010597218122108068,8.203497213966138e-05,0.7741179920465999,1.1737773611808762,F,N,0.7741179920465999,-0.3693746143487333,"F, TTT",100.8,norpre#: 100.8 post#: 78.0 wt: AAT var: TTT factor: 0.77 pvalue: empty,0.33398310657020747,,,,,,,,,,,,,,,,,,,,,,,,,,,,,,,,,,,,,,,,,,,,,,,,,,,,,,,,,,,,,,,,,,,,,,,,,,,,,,,TCTTTTA,343,TCAATTA,115.0,115.0,J start preserver,T,C or T
7122,115.0,AAT,TGA,ABC,73,924869,7.893009712726884e-05,56.0,950892,75.05399791754292,5.889207186515398e-05,7.893632757927153e-05,5.889554034554855e-05,0.7461145223205742,1.1737773611808762,*,N,0.7461145223205742,-0.42253100582332054,"*, TGA",75.1,norpre#: 75.1 post#: 56.0 wt: AAT var: TGA factor: 0.75 pvalue: empty,0.5001802912668947,,,,,1.0,,,,,,,,,,,,,,,,,,,,,,,,,,,,,,,,,,,,,,1.0,,,,,,,,,,,,,,,,,,,,,,,,,,,,,,,,,,,,TCTGATA,343,TCAATTA,115.0,114.0,J start preserver,G,A or G
7279,115.0,AAT,CTC,ABC,28,924869,3.0274557802240102e-05,21.0,950892,28.787834817687695,2.2084526949432742e-05,3.0275474378839173e-05,2.2085014686534767e-05,0.7294688238467679,1.1737773611808762,L,N,0.7294688238467678,-0.4550817735540385,"L, CTC",28.8,norpre#: 28.8 post#: 21.0 wt: AAT var: CTC factor: 0.73 pvalue: empty,0.41021550303013604,,,,,,,,,,,,,,,,,,,,,,,,,,,,,,,,,,,,,,,,,,,,,,,,,,,,,,,,,,,,,,,,,,,,,,,,,,,,,,,TCCTCTA,343,TCAATTA,115.0,115.0,J start preserver,T,C or T
7317,115.0,AAT,GGT,ABC,71,924869,7.676762871282311e-05,53.0,950892,72.9977240019938,5.573713944380645e-05,7.67735224340883e-05,5.574024624568407e-05,0.7260347640495232,1.1737773611808762,G,N,0.7260347640495232,-0.46188946578328915,"G, GGT",73.0,norpre#: 73.0 post#: 53.0 wt: AAT var: GGT factor: 0.73 pvalue: empty,0.491905641440372,,,,,,,,,,,,,,,,,,,,,,,,,,,,,,,,,,,,,,,,,,,,,,,,,,,,,,,,,,,,,,,,,,,,,,,,,,,,,,,TCGGTTA,343,TCAATTA,115.0,115.0,J start preserver,G,A or G
7343,115.0,AAT,TCG,ABC,35,924869,3.784319725280013e-05,26.0,950892,35.98479352210962,2.7342747651678635e-05,3.784462941457602e-05,2.7343495297970483e-05,0.7225198322972353,1.1737773611808762,S,N,0.7225198322972353,-0.46889090649316656,"S, TCG",36.0,norpre#: 36.0 post#: 26.0 wt: AAT var: TCG factor: 0.72 pvalue: empty,0.35933521858290335,,,,,,,,,,,,,,,,,,,,,,,,,,,,,,,,,,,,,,,,,,,,,,,,,,,,,,,,,,,,,,,,,,,,,,,,,,,,,,,TCTCGTA,343,TCAATTA,115.0,115.0,J start preserver,C,C or T
7436,115.0,AAT,TAC,ABC,52,924869,5.6224178775588757e-05,38.0,950892,53.463121804277144,3.996247733706877e-05,5.622734011161127e-05,3.99640744004863e-05,0.7107587575929719,1.1737773611808762,Y,N,0.7107587575929719,-0.49256812475084544,"Y, TAC",53.5,norpre#: 53.5 post#: 38.0 wt: AAT var: TAC factor: 0.71 pvalue: empty,0.5593352201885372,,,,,,,,,,,,,,,,,,,,,,,,,,,,,,,,,,,,,,,,,,,,,,,,,,,,,,,,,,,,,,,,,,,,,,,,,,,,,,,TCTACTA,343,TCAATTA,115.0,115.0,J start preserver,A,A or G
7570,115.0,AAT,CCC,ABC,21,924869,2.2705918351680075e-05,15.0,950892,21.59087611326577,1.5774662106737674e-05,2.2706433922114768e-05,1.5774910950627683e-05,0.6947330877555291,1.1737773611808762,P,N,0.6947330877555292,-0.5254692853006142,"P, CCC",21.6,norpre#: 21.6 post#: 15.0 wt: AAT var: CCC factor: 0.69 pvalue: empty,0.4214831077744328,,,,,,,,,,,,,,,,,,,,,,,,,,,,,,,,,,,,,,,,,,,,,,,,,,,,,,,,,,,,,,,,,,,,,,,,,,,,,,,TCCCCTA,343,TCAATTA,115.0,115.0,J start preserver,C,C or T
7649,115.0,AAT,ACA,ABC,115,924869,0.000124341933830629,81.0,950892,118.23575014407446,8.518317537638343e-05,0.00012435739666981704,8.519043216790719e-05,0.6850451557304422,1.1737773611808762,T,N,0.6850451557304421,-0.5457290063744386,"T, ACA",118.2,norpre#: 118.2 post#: 81.0 wt: AAT var: ACA factor: 0.69 pvalue: empty,0.38768029086548617,,,,,,,,,,,,,,,,,,,,,,,,,,,,,,,,,,,,,,,,,,,,,,,,,,,,,,,,,,,,,,,,,,,,,,,,,,,,,,,TCACATA,343,TCAATTA,115.0,115.0,J start preserver,C,C or T
7708,115.0,AAT,CAG,ABC,76,924869,8.217379974893742e-05,53.0,950892,78.1384087908666,5.573713944380645e-05,8.218055283722952e-05,5.574024624568407e-05,0.6782656519248015,1.1737773611808762,Q,N,0.6782656519248015,-0.5600776597982143,"Q, CAG",78.1,norpre#: 78.1 post#: 53.0 wt: AAT var: CAG factor: 0.68 pvalue: empty,0.5764126850507669,,,,,,,,,,,,,,,,,,,,,,,,,,,,,,,,,,,,,,,,,,,,,,,,,,,,,,,,,,,,,,,,,,,,,,,,,,,,,,,TCCAGTA,343,TCAATTA,115.0,115.0,J start preserver,A,A or G
7730,115.0,AAT,CGC,ABC,36,924869,3.8924431460022985e-05,25.0,950892,37.012930479884176,2.6291103511229457e-05,3.8925946630364615e-05,2.6291794751526765e-05,0.6754310948732988,1.1737773611808762,R,N,0.6754310948732988,-0.5661194965504595,"R, CGC",37.0,norpre#: 37.0 post#: 25.0 wt: AAT var: CGC factor: 0.68 pvalue: empty,0.5510605730380709,,,,,,,,,,,,,,,,,,,,,,,,,,,,,,,,,,,,,,,,,,,,,,,,,,,,,,,,,,,,,,,,,,,,,,,,,,,,,,,TCCGCTA,343,TCAATTA,115.0,115.0,J start preserver,G,A or G
7804,115.0,AAT,CTT,ABC,54,924869,5.838664719003448e-05,37.0,950892,55.51939571982627,3.8910833196619594e-05,5.839005638965631e-05,3.8912347308475005e-05,0.6664207865942094,1.1737773611808762,L,N,0.6664207865942094,-0.5854946938107278,"L, CTT",55.5,norpre#: 55.5 post#: 37.0 wt: AAT var: CTT factor: 0.67 pvalue: empty,0.3735957835970871,,,,,,,,,,,,,,,,,,,,,,,,,,,,,,,,,,,,,,,,,,,,,,,,,,,,,,,,,,,,,,,,,,,,,,,,,,,,,,,TCCTTTA,343,TCAATTA,115.0,115.0,J start preserver,T,C or T
8027,115.0,AAT,CTA,ABC,73,924869,7.893009712726884e-05,48.0,950892,75.05399791754292,5.047891874156056e-05,7.893632757927153e-05,5.048146699143077e-05,0.6395213527096878,1.1737773611808762,L,N,0.6395213527096879,-0.6449355654378457,"L, CTA",75.1,norpre#: 75.1 post#: 48.0 wt: AAT var: CTA factor: 0.64 pvalue: empty,0.39894789828583926,,,,,,,,,,,,,,,,,,,,,,,,,,,,,,,,,,,,,,,,,,,,,,,,,,,,,,,,,,,,,,,,,,,,,,,,,,,,,,,TCCTATA,343,TCAATTA,115.0,115.0,J start preserver,T,C or T
8504,115.0,AAT,CCA,ABC,92,924869,9.947354706450318e-05,54.0,950892,94.58860011525957,5.678878358425563e-05,9.948344303545611e-05,5.67920087333489e-05,0.5708689506565239,1.1737773611808762,P,N,0.570868950656524,-0.8087684980508869,"P, CCA",94.6,norpre#: 94.6 post#: 54.0 wt: AAT var: CCA factor: 0.57 pvalue: empty,0.41021550303013604,,,,,,,,,,,,,,,,,,,,,,,,,,,,,,,,,,,,,,,,,,,,,,,,,,,,,,,,,,,,,,,,,,,,,,,,,,,,,,,TCCCATA,343,TCAATTA,115.0,115.0,J start preserver,C,C or T
8537,115.0,AAT,ACT,ABC,115,924869,0.000124341933830629,67.0,950892,118.23575014407446,7.046015741009494e-05,0.00012435739666981704,7.046512239371072e-05,0.5666339460354224,1.1737773611808762,T,N,0.5666339460354223,-0.8195110612794233,"T, ACT",118.2,norpre#: 118.2 post#: 67.0 wt: AAT var: ACT factor: 0.57 pvalue: empty,0.362328176176734,,,,,,,,,,,,,,,,,,,,,,,,,,,,,,,,,,,,,,,,,,,,,,,,,,,,,,,,,,,,,,,,,,,,,,,,,,,,,,,TCACTTA,343,TCAATTA,115.0,115.0,J start preserver,C,C or T
8588,115.0,AAT,CCT,ABC,61,924869,6.595528664059451e-05,35.0,950892,62.716354424248195,3.680754491572124e-05,6.595963702736136e-05,3.680889976095249e-05,0.5580518847561795,1.1737773611808762,P,N,0.5580518847561794,-0.8415288323300893,"P, CCT",62.7,norpre#: 62.7 post#: 35.0 wt: AAT var: CCT factor: 0.56 pvalue: empty,0.3848633883413839,,,,,,,,,,,,,,,,,,,,,,,,,,,,,,,,,,,,,,,,,,,,,,,,,,,,,,,,,,,,,,,,,,,,,,,,,,,,,,,TCCCTTA,343,TCAATTA,115.0,115.0,J start preserver,C,C or T
8649,115.0,AAT,CGT,ABC,53,924869,5.730541298281162e-05,30.0,950892,54.49125876205171,3.154932421347535e-05,5.7308697081365376e-05,3.1550319604737594e-05,0.550532837275,1.1737773611808762,R,N,0.550532837275,-0.8610994770360969,"R, CGT",54.5,norpre#: 54.5 post#: 30.0 wt: AAT var: CGT factor: 0.55 pvalue: empty,0.5144408536050219,,,,,,,,,,,,,,,,,,,,,,,,,,,,,,,,,,,,,,,,,,,,,,,,,,,,,,,,,,,,,,,,,,,,,,,,,,,,,,,TCCGTTA,343,TCAATTA,115.0,115.0,J start preserver,G,A or G
8652,115.0,AAT,ACG,ABC,46,924869,4.973677353225159e-05,26.0,950892,47.29430005762978,2.7342747651678635e-05,4.973924740193529e-05,2.7343495297970483e-05,0.5497368119990208,1.1737773611808762,T,N,0.5497368119990208,-0.8631870051601466,"T, ACG",47.3,norpre#: 47.3 post#: 26.0 wt: AAT var: ACG factor: 0.55 pvalue: empty,0.3764126834451331,,,,,,,,,,,,,,,,,,,,,,,,,,,,,,,,,,,,,,,,,,,,,,,,,,,,,,,,,,,,,,,,,,,,,,,,,,,,,,,TCACGTA,343,TCAATTA,115.0,115.0,J start preserver,C,C or T
8868,115.0,AAT,TTA,ABC,91,924869,9.839231285728033e-05,48.0,950892,93.560463157485,5.047891874156056e-05,9.840199485714409e-05,5.048146699143077e-05,0.5130126382571578,1.1737773611808762,L,N,0.5130126382571579,-0.9629337272882978,"L, TTA",93.6,norpre#: 93.6 post#: 48.0 wt: AAT var: TTA factor: 0.51 pvalue: empty,0.35933522125895967,,,,,,,,,,,,,,,,,,,,,,,,,,,,,,,,,,,,,,,,,,,,,,,,,,,,,,,,,,,,,,,,,,,,,,,,,,,,,,,TCTTATA,343,TCAATTA,115.0,115.0,J start preserver,T,C or T
9134,115.0,AAT,GCA,ABC,89,924869,9.62298444428346e-05,43.0,950892,91.50418924193588,4.522069803931466e-05,9.623910551698782e-05,4.5222743043322334e-05,0.46989986866970374,1.1737773611808762,A,N,0.46989986866970374,-1.0895747303609187,"A, GCA",91.5,norpre#: 91.5 post#: 43.0 wt: AAT var: GCA factor: 0.47 pvalue: empty,0.38768029086548617,,,,,,,,,,,,,,,,,,,,,,,,,,,,,,,,,,,,,,,,,,,,,,,,,,,,,,,,,,,,,,,,,,,,,,,,,,,,,,,TCGCATA,343,TCAATTA,115.0,115.0,J start preserver,C,C or T
9242,115.0,AAT,ATC,ABC,54,924869,5.838664719003448e-05,25.0,950892,55.51939571982627,2.6291103511229457e-05,5.839005638965631e-05,2.6291794751526765e-05,0.45027863265061524,1.1737773611808762,I,N,0.4502786326506153,-1.1511100766799538,"I, ATC",55.5,norpre#: 55.5 post#: 25.0 wt: AAT var: ATC factor: 0.45 pvalue: empty,0.38768029086548617,,,,,,,,,,,,,,,,,,,,,,,,,,,,,,,,,,,,,,,,,,,,,,,,,,,,,,,,,,,,,,,,,,,,,,,,,,,,,,,TCATCTA,343,TCAATTA,115.0,115.0,J start preserver,T,C or T
9332,115.0,AAT,GCC,ABC,9,924869,9.731107865005746e-06,4.0,950892,9.253232619971044,4.206576561796713e-06,9.731202560387518e-06,4.2065942571575205e-06,0.43227897385274494,1.1737773611808762,A,N,0.43227897385274494,-1.2099654299607305,"A, GCC",9.3,norpre#: 9.3 post#: 4.0 wt: AAT var: GCC factor: 0.43 pvalue: empty,0.398947895609783,,,,,,,,,,,,,,,,,,,,,,,,,,,,,,,,,,,,,,,,,,,,,,,,,,,,,,,,,,,,,,,,,,,,,,,,,,,,,,,TCGCCTA,343,TCAATTA,115.0,115.0,J start preserver,C,C or T
9455,115.0,AAT,TGT,ABC,71,924869,7.676762871282311e-05,30.0,950892,72.9977240019938,3.154932421347535e-05,7.67735224340883e-05,3.1550319604737594e-05,0.41095313337777634,1.1737773611808762,C,N,0.41095313337777634,-1.2829542219020793,"C, TGT",73.0,norpre#: 73.0 post#: 30.0 wt: AAT var: TGT factor: 0.41 pvalue: empty,0.4748281765781424,,,,,1.0,,,,,,,,,,,,,,,,,,,,,,,,,,,,,,,,,,,,,,,,,,,,,,,,,,,,,,,,,,,,,,,,,,,,,,,,,,TCTGTTA,343,TCAATTA,115.0,114.0,J start preserver,G,A or G
9546,115.0,AAT,GCT,ABC,67,924869,7.244269188393167e-05,27.0,950892,68.88517617089555,2.8394391792127813e-05,7.244794020774176e-05,2.8395198056506445e-05,0.3919393425828847,1.1737773611808762,A,N,0.3919393425828847,-1.3512976980115488,"A, GCT",68.9,norpre#: 68.9 post#: 27.0 wt: AAT var: GCT factor: 0.39 pvalue: empty,0.362328176176734,,,,,,,,,,,,,,,,,,,,,,,,,,,,,,,,,,,,,,,,,,,,,,,,,,,,,,,,,,,,,,,,,,,,,,,,,,,,,,,TCGCTTA,343,TCAATTA,115.0,115.0,J start preserver,C,C or T
9547,115.0,AAT,TCA,ABC,77,924869,8.325503395616027e-05,31.0,950892,79.16654574864116,3.2600968353924525e-05,8.326196593396137e-05,3.260203121171233e-05,0.39155970971872556,1.1737773611808762,S,N,0.39155970971872567,-1.352695771159776,"S, TCA",79.2,norpre#: 79.2 post#: 31.0 wt: AAT var: TCA factor: 0.39 pvalue: empty,0.37060282600325645,,,,,,,,,,,,,,,,,,,,,,,,,,,,,,,,,,,,,,,,,,,,,,,,,,,,,,,,,,,,,,,,,,,,,,,,,,,,,,,TCTCATA,343,TCAATTA,115.0,115.0,J start preserver,C,C or T
9565,115.0,AAT,TCC,ABC,15,924869,1.621851310834291e-05,6.0,950892,15.422054366618406,6.30986484269507e-06,1.6218776152776547e-05,6.309904657340627e-06,0.3890493707973406,1.1737773611808762,S,N,0.3890493707973407,-1.3619748484550622,"S, TCC",15.4,norpre#: 15.4 post#: 6.0 wt: AAT var: TCC factor: 0.39 pvalue: empty,0.3818704307475532,,,,,,,,,,,,,,,,,,,,,,,,,,,,,,,,,,,,,,,,,,,,,,,,,,,,,,,,,,,,,,,,,,,,,,,,,,,,,,,TCTCCTA,343,TCAATTA,115.0,115.0,J start preserver,C,C or T
9566,115.0,AAT,TGG,ABC,55,924869,5.946788139725734e-05,22.0,950892,56.54753267760083,2.313617108988192e-05,5.947141803649166e-05,2.3136706384679293e-05,0.3890390905171054,1.1737773611808762,W,N,0.3890390905171054,-1.362012970879575,"W, TGG",56.5,norpre#: 56.5 post#: 22.0 wt: AAT var: TGG factor: 0.39 pvalue: empty,0.4889126838465415,,,,,1.0,,,,,,,,,,,,,,,,,,,,,,,,,,,,,,,,,,,,,,,,,,,,,,,,,,,,,,,,,,,,,,,,,,,,,,,,,,TCTGGTA,343,TCAATTA,115.0,114.0,J start preserver,G,A or G
9590,115.0,AAT,TTC,ABC,48,924869,5.1899241946697315e-05,19.0,950892,49.3505739731789,1.9981238668534386e-05,5.190193561781145e-05,1.9981637926410783e-05,0.3849882993487739,1.1737773611808762,F,N,0.3849882993487739,-1.377113495126613,"F, TTC",49.4,norpre#: 49.4 post#: 19.0 wt: AAT var: TTC factor: 0.38 pvalue: empty,0.37060282600325645,,,,,,,,,,,,,,,,,,,,,,,,,,,,,,,,,,,,,,,,,,,,,,,,,,,,,,,,,,,,,,,,,,,,,,,,,,,,,,,TCTTCTA,343,TCAATTA,115.0,115.0,J start preserver,T,C or T
9614,115.0,AAT,CGG,ABC,59,924869,6.379281822614878e-05,23.0,950892,60.66008050869907,2.41878152303311e-05,6.379688800942897e-05,2.418840029488815e-05,0.37914702502907643,1.1737773611808762,R,N,0.37914702502907643,-1.3991706920088394,"R, CGG",60.7,norpre#: 60.7 post#: 23.0 wt: AAT var: CGG factor: 0.38 pvalue: empty,0.5285253608734211,,,,,,,,,,,,,,,,,,,,,,,,,,,,,,,,,,,,,,,,,,,,,,,,,,,,,,,,,,,,,,,,,,,,,,,,,,,,,,,TCCGGTA,343,TCAATTA,115.0,115.0,J start preserver,G,A or G
9668,115.0,AAT,GTG,ABC,61,924869,6.595528664059451e-05,23.0,950892,62.716354424248195,2.41878152303311e-05,6.595963702736136e-05,2.418840029488815e-05,0.36671518196581837,1.1737773611808762,V,N,0.36671518196581837,-1.447268100194748,"V, GTG",62.7,norpre#: 62.7 post#: 23.0 wt: AAT var: GTG factor: 0.37 pvalue: empty,0.36514507870083635,,,,,,,,,,,,,,,,,,,,,,,,,,,,,,,,,,,,,,,,,,,,,,,,,,,,,,,,,,,,,,,,,,,,,,,,,,,,,,,TCGTGTA,343,TCAATTA,115.0,115.0,J start preserver,T,C or T
9705,115.0,AAT,TTG,ABC,73,924869,7.893009712726884e-05,27.0,950892,75.05399791754292,2.8394391792127813e-05,7.893632757927153e-05,2.8395198056506445e-05,0.3597228161899306,1.1737773611808762,L,N,0.3597228161899306,-1.4750424264895952,"L, TTG",75.1,norpre#: 75.1 post#: 27.0 wt: AAT var: TTG factor: 0.36 pvalue: empty,0.3480676138386067,,,,,,,,,,,,,,,,,,,,,,,,,,,,,,,,,,,,,,,,,,,,,,,,,,,,,,,,,,,,,,,,,,,,,,,,,,,,,,,TCTTGTA,343,TCAATTA,115.0,115.0,J start preserver,T,C or T
9773,115.0,AAT,ATA,ABC,124,924869,0.00013407304169563473,44.0,950892,127.4889827640455,4.627234217976384e-05,0.00013409101968650818,4.627448340849431e-05,0.34509755773861345,1.1737773611808762,I,N,0.34509755773861345,-1.53492383105557,"I, ATA",127.5,norpre#: 127.5 post#: 44.0 wt: AAT var: ATA factor: 0.35 pvalue: empty,0.3764126861211894,,,,,,,,,,,,,,,,,,,,,,,,,,,,,,,,,,,,,,,,,,,,,,,,,,,,,,,,,,,,,,,,,,,,,,,,,,,,,,,TCATATA,343,TCAATTA,115.0,115.0,J start preserver,T,C or T
10041,115.0,AAT,ATG,ABC,27,924869,2.919332359501724e-05,8.0,950892,27.759697859913135,8.413153123593426e-06,2.9194175870040504e-05,8.413223905334405e-06,0.2881815860391586,1.1737773611808762,M,N,0.2881815860391586,-1.794949940425039,"M, ATG",27.8,norpre#: 27.8 post#: 8.0 wt: AAT var: ATG factor: 0.29 pvalue: empty,0.36514507870083635,,,,,,,,,,,,,,,,,,,,,,,,,,,,,,,,,,1.0,,,,,,,,,,,,,,,,,,,,,,,,,,,,,,,,,,,,,,,,,,,,,TCATGTA,343,TCAATTA,115.0,115.0,J start preserver,T,C or T
10261,115.0,AAT,TCT,ABC,83,924869,8.974243919949744e-05,20.0,950892,85.33536749528852,2.1032882808983564e-05,8.975049362771496e-05,2.1033325200447588e-05,0.23435330938338703,1.1737773611808762,S,N,0.23435330938338705,-2.0932429271355413,"S, TCT",85.3,norpre#: 85.3 post#: 20.0 wt: AAT var: TCT factor: 0.23 pvalue: empty,0.34525071131450424,,,,,,,,,,,,,,,,,,,,,,,,,,,,,,,,,,,,,,,,,,,,,,,,,,,,,,,,,,,,,,,,,,,,,,,,,,,,,,,TCTCTTA,343,TCAATTA,115.0,115.0,J start preserver,C,C or T
10263,115.0,AAT,GTT,ABC,79,924869,8.5417502370606e-05,19.0,950892,81.22281966419028,1.9981238668534386e-05,8.542479914358936e-05,1.9981637926410783e-05,0.23390910048057503,1.1737773611808762,V,N,0.23390910048057503,-2.0959801025309726,"V, GTT",81.2,norpre#: 81.2 post#: 19.0 wt: AAT var: GTT factor: 0.23 pvalue: empty,0.35106057143243724,,,,,,,,,,,,,,,,,,,,,,,,,,,,,,,,,,,,,,,,,,,,,,,,,,,,,,,,,,,,,,,,,,,,,,,,,,,,,,,TCGTTTA,343,TCAATTA,115.0,115.0,J start preserver,T,C or T
10528,115.0,AAT,GTC,ABC,28,924869,3.0274557802240102e-05,5.0,950892,28.787834817687695,5.258220702245891e-06,3.0275474378839173e-05,5.25824835127623e-06,0.17368013083723785,1.1737773611808762,V,N,0.17368013083723782,-2.5254953770058965,"V, GTC",28.8,norpre#: 28.8 post#: 5.0 wt: AAT var: GTC factor: 0.17 pvalue: empty,0.38768029086548617,,,,,,,,,,,,,,,,,,,,,,,,,,,,,,,,,,,,,,,,,,,,,,,,,,,,,,,,,,,,,,,,,,,,,,,,,,,,,,,TCGTCTA,343,TCAATTA,115.0,115.0,J start preserver,T,C or T
10876,115.0,AAT,CCG,ABC,53,924869,5.730541298281162e-05,5.0,950892,54.49125876205171,5.258220702245891e-06,5.7308697081365376e-05,5.25824835127623e-06,0.09175306051384674,1.1737773611808762,P,N,0.09175306051384674,-3.446099908499979,"P, CCG",54.5,norpre#: 54.5 post#: 5.0 wt: AAT var: CCG factor: 0.09 pvalue: empty,0.398947895609783,,,,,,,,,,,,,,,,,,,,,,,,,,,,,,,,,,,,,,,,,,,,,,,,,,,,,,,,,,,,,,,,,,,,,,,,,,,,,,,TCCCGTA,343,TCAATTA,115.0,115.0,J start preserver,C,C or T
10938,115.0,AAT,CTG,ABC,12,924869,1.2974810486674329e-05,1.0,950892,12.337643493294726,1.0516441404491782e-06,1.2974978834565776e-05,1.0516452464057394e-06,0.08105178897125608,1.1737773611808762,L,N,0.08105178897125609,-3.6250121605837147,"L, CTG",12.3,norpre#: 12.3 post#: 1.0 wt: AAT var: CTG factor: 0.08 pvalue: empty,0.38768029086548617,,,,,,,,,,,,,,,,,,,,,,,,,,,,,,,,,,,,,1.0,,,,,,,,,,,,,,,,,,,,,,,,,,,,,,,,,,,,,,,,,,TCCTGTA,343,TCAATTA,115.0,115.0,J start preserver,T,C or T
